"R","Fl","A","Sp","Sm","B","H","L","loc"
693.3,50,1972,0,0,"0","0","0","2"
422,54,1972,0,0,"0","0","0","2"
736.6,70,1972,0,0,"0","0","0","2"
732.2,50,1972,0,0,"0","0","0","2"
1295.1,55,1893,0,0,"0","0","0","2"
1195.9,59,1893,0,0,"0","0","0","2"
395,46,1957,0,0,"0","1","0","2"
1285.6,94,1972,0,0,"0","0","0","2"
1175.4,93,1972,0,0,"0","0","0","2"
860,65,1967,0,0,"0","0","0","2"
709.6,36,1972,0,0,"0","0","0","2"
852.7,33,1972,0,0,"0","0","0","2"
657.4,57,1985,0,0,"0","0","0","2"
1310.2,76,1985,0,0,"0","0","0","2"
1237.8,75,1985,0,0,"0","0","0","2"
1212,83,1985,0,0,"0","0","0","2"
1511.2,83,1985,0,0,"0","0","0","2"
662.2,100,1957,0,0,"0","0","0","2"
527.5,50,1957,0,0,"0","0","1","2"
615.1,63,1972,0,0,"0","0","0","2"
852.3,93,1972,0,0,"0","0","1","2"
812.8,93,1972,0,0,"0","0","0","2"
798.3,83,1972,0,0,"0","0","1","2"
517.2,79,1972,0,0,"0","0","0","2"
593.1,79,1972,0,0,"0","0","0","2"
2869.9,90,1985,1,0,"0","0","0","3"
1623.6,60,1985,1,0,"0","0","1","3"
837.8,76,1957,0,1,"0","0","1","1"
750.2,75,1957,0,1,"0","0","0","1"
875.1,104,1957,0,1,"0","0","1","1"
809.7,79,1957,0,1,"0","0","0","1"
765.4,93,1972,0,1,"0","0","1","1"
1165.6,90,1961,0,0,"0","0","0","2"
422.8,50,1957,0,0,"0","1","0","2"
490.7,63,1893,0,0,"0","1","0","2"
813.3,120,1893,0,0,"0","1","0","2"
480.3,40,1959,0,0,"0","0","0","2"
1454.1,74,1957,0,0,"0","0","0","2"
537,76,1957,0,0,"0","0","0","2"
759.2,76,1957,0,0,"0","0","0","2"
700,36,1965,0,0,"0","0","0","2"
1127.8,62,1972,0,0,"0","0","0","2"
1090.4,99,1893,0,0,"0","0","0","2"
670.9,59,1957,0,0,"0","1","0","2"
349.9,33,1893,0,0,"1","1","0","2"
380,40,1911,0,0,"1","1","0","2"
1174.6,92,1934,0,0,"0","1","0","2"
673.8,69,1934,0,0,"0","1","0","2"
566.4,70,1893,0,0,"0","1","0","2"
334.3,54,1957,0,0,"0","1","0","2"
267.8,51,1957,0,0,"0","1","0","2"
783.7,73,1972,0,0,"0","0","0","2"
240.4,68,1893,0,0,"0","1","0","2"
1030,56,1972,0,0,"0","0","0","2"
452.7,32,1972,0,0,"0","0","0","2"
900,55,1972,0,0,"0","0","0","2"
925.4,45,1956,0,0,"0","0","0","2"
695.2,55,1985,0,0,"0","0","0","2"
928.7,54,1981,0,0,"0","0","0","2"
1204.4,79,1981,0,0,"0","0","0","2"
1004.5,50,1981,0,0,"0","0","0","2"
1300.2,75,1956,0,0,"0","0","0","2"
785,68,1972,0,0,"0","0","0","2"
526.4,68,1972,0,0,"0","0","0","2"
820,73,1955,0,1,"0","1","0","1"
688.3,69,1957,0,0,"0","1","0","2"
1689.7,60,1964,0,0,"0","1","0","2"
554.6,43,1962,0,0,"0","0","0","2"
664.1,50,1962,0,0,"0","0","0","2"
765.7,82,1962,0,0,"0","0","0","2"
736,62,1957,0,0,"0","0","0","2"
614.4,110,1972,0,1,"0","0","0","1"
779.8,65,1972,0,0,"0","0","0","2"
721.2,52,1959,0,0,"0","0","0","2"
239.3,45,1934,0,0,"0","1","0","2"
489.7,39,1957,1,0,"0","0","0","3"
421.6,40,1957,1,0,"0","0","0","3"
799.6,52,1957,1,0,"0","0","0","3"
566.2,56,1957,1,0,"0","0","0","3"
421.3,52,1957,1,0,"0","0","0","3"
1078,80,1981,0,0,"0","0","0","2"
477.3,30,1981,0,0,"0","0","0","2"
1092.4,84,1976,0,0,"0","0","0","2"
449.9,35,1981,0,0,"0","0","0","2"
982,65,1963,1,0,"0","0","0","3"
679.5,69,1957,1,0,"0","0","0","3"
583.4,67,1972,1,0,"0","0","0","3"
485.1,67,1972,1,0,"0","0","0","3"
1203.6,89,1934,1,0,"0","0","0","3"
720.2,95,1934,1,0,"0","0","0","3"
705.8,84,1934,1,0,"0","0","0","3"
610.1,59,1941,1,0,"0","0","0","3"
761.7,60,1934,1,0,"0","1","0","3"
1030,60,1988,0,0,"0","0","0","2"
774,60,1988,0,0,"0","0","0","2"
1220,82,1988,0,0,"0","0","1","2"
776.6,68,1972,1,0,"0","0","0","3"
1720.8,100,1972,1,0,"0","0","0","3"
970,80,1972,1,0,"0","0","0","3"
800,68,1972,1,0,"0","0","0","3"
658.4,55,1939,1,0,"0","1","0","3"
955.8,49,1972,1,0,"0","0","0","3"
1164.2,55,1972,1,0,"0","0","0","3"
765,62,1972,1,0,"0","0","0","3"
337.7,35,1957,1,0,"0","1","0","3"
375.7,35,1957,1,0,"0","1","0","3"
347.9,45,1957,1,0,"0","1","0","3"
443.4,35,1957,1,0,"0","1","0","3"
366.5,80,1893,0,0,"0","1","0","2"
1348.5,106,1893,0,0,"0","0","0","2"
852.5,112,1893,0,0,"0","1","0","2"
569.5,36,1972,1,0,"0","0","0","3"
681.5,73,1972,1,0,"0","0","0","3"
1063,74,1972,1,0,"0","0","0","3"
767.3,42,1972,1,0,"0","0","0","3"
666.5,30,1972,1,0,"0","0","0","3"
679.8,35,1972,1,0,"0","0","0","3"
752,40,1972,1,0,"0","0","0","3"
799.8,64,1957,1,0,"0","0","0","3"
681.3,72,1957,1,0,"0","0","0","3"
564.5,41,1957,1,0,"0","0","0","3"
1014.6,71,1957,1,0,"0","0","0","3"
808.8,55,1957,1,0,"0","0","0","3"
983.6,78,1972,0,0,"0","0","0","2"
1408.9,74,1972,0,0,"0","0","0","2"
685.4,86,1972,0,0,"0","0","0","2"
1054.9,86,1957,0,0,"0","0","0","2"
661.2,55,1981,0,0,"0","0","0","2"
748,89,1981,0,0,"0","0","0","2"
1015.6,90,1981,0,0,"0","0","0","2"
869.8,82,1981,0,0,"0","0","0","2"
584.2,44,1972,0,0,"0","0","0","2"
557.5,33,1972,0,0,"0","0","0","2"
506.6,37,1972,0,0,"0","0","0","2"
447.6,77,1970,0,0,"0","0","0","2"
609.3,56,1972,0,0,"0","0","0","2"
756.1,55,1972,0,0,"0","0","0","2"
385.5,77,1970,0,0,"0","0","0","2"
720,83,1972,0,0,"0","0","0","2"
1165.1,55,1988,0,0,"0","0","0","2"
553.5,71,1988,0,0,"0","0","0","2"
665.1,70,1957,0,0,"0","0","0","2"
705.6,50,1957,0,0,"0","0","0","2"
669.5,82,1985,0,0,"0","0","0","2"
975.5,60,1972,0,0,"0","0","0","2"
874,55,1973,0,0,"0","0","0","2"
1386.4,60,1973,0,0,"0","0","0","2"
703.8,34,1972,0,0,"0","0","0","2"
521.9,34,1972,0,0,"0","0","0","2"
822.2,83,1981,0,0,"0","0","0","2"
756.7,76,1981,0,0,"0","0","0","2"
1061.8,77,1981,0,0,"0","0","0","2"
724.2,77,1979,0,0,"0","0","0","2"
865.5,83,1979,0,0,"0","0","0","2"
541.3,49,1981,0,0,"0","0","0","2"
744.1,84,1972,0,0,"0","0","0","2"
789.7,85,1979,0,0,"0","0","0","2"
635.1,95,1981,0,0,"0","0","0","2"
815,93,1957,0,0,"0","0","0","2"
614.5,61,1957,0,1,"0","0","0","1"
571.3,61,1957,0,1,"0","0","0","1"
529.3,87,1893,0,0,"0","1","0","2"
277.7,46,1916,0,0,"0","1","0","2"
406.6,57,1893,0,0,"1","1","0","2"
340.2,68,1893,0,0,"0","1","0","2"
643.9,84,1893,0,0,"0","0","0","2"
921.7,86,1893,0,0,"0","0","0","2"
382,70,1957,0,0,"0","1","0","2"
1285.1,72,1972,0,0,"0","0","0","2"
703,55,1957,0,0,"0","0","0","2"
449.8,43,1958,0,0,"0","0","0","2"
382,56,1957,0,0,"0","0","0","2"
891.9,56,1972,0,0,"0","0","0","2"
755,64,1957,0,0,"0","1","0","2"
1410.7,106,1934,0,0,"0","0","0","2"
228.7,37,1957,0,0,"0","1","0","2"
500.6,57,1957,0,0,"0","1","0","2"
563.5,51,1893,0,0,"0","0","0","2"
1234.5,85,1893,0,0,"0","0","1","2"
635.9,65,1934,0,0,"0","1","0","2"
533.1,44,1935,0,0,"0","0","0","2"
535,44,1935,0,0,"0","0","0","2"
488.1,43,1935,0,0,"0","1","0","2"
682.9,72,1893,0,0,"0","1","0","2"
563.1,100,1934,0,1,"0","1","1","1"
430,50,1957,0,1,"0","1","0","1"
436.7,60,1957,0,1,"0","1","0","1"
473.2,80,1957,0,1,"0","1","0","1"
450.4,80,1893,0,1,"1","0","0","1"
1094.8,56,1893,0,0,"0","0","0","2"
699.6,80,1934,0,0,"0","0","0","2"
541.2,31,1957,0,0,"0","0","0","2"
675,35,1972,0,0,"0","0","0","2"
712.1,80,1972,0,0,"0","0","0","2"
680.9,74,1972,0,0,"0","0","0","2"
478.4,75,1957,0,0,"0","0","0","2"
758.6,67,1966,0,0,"0","0","0","2"
1039.1,61,1988,0,0,"0","0","0","2"
582,110,1893,0,0,"0","0","0","2"
919.5,63,1957,1,0,"0","0","0","3"
286,55,1957,0,0,"0","1","0","2"
693.5,54,1957,0,0,"0","0","0","2"
515,76,1957,0,0,"0","0","0","2"
419,76,1957,0,0,"0","0","0","2"
538.6,30,1957,1,0,"0","0","0","3"
475.3,36,1958,1,0,"0","0","0","3"
820,59,1957,0,1,"0","0","0","1"
796.5,42,1893,0,1,"0","1","0","1"
1405.6,119,1934,0,0,"0","0","1","2"
645.9,43,1957,0,0,"0","1","0","2"
1398.5,70,1957,0,0,"0","0","0","2"
1626.9,66,1957,0,0,"0","0","0","2"
576.6,71,1893,0,1,"0","1","0","1"
353.6,48,1934,0,1,"0","0","0","1"
230.8,46,1934,0,1,"0","1","0","1"
907,80,1957,0,0,"0","0","0","2"
680,62,1932,0,0,"0","0","0","2"
350,39,1934,0,0,"0","0","0","2"
409,49,1932,0,0,"0","0","0","2"
360,37,1932,0,0,"0","0","0","2"
558.1,34,1972,0,0,"0","0","0","2"
480.7,30,1972,0,0,"0","0","0","2"
876,55,1954,0,0,"0","0","0","2"
668.3,48,1988,0,0,"0","0","0","2"
975.7,61,1988,0,0,"0","0","0","2"
1328.1,98,1988,0,0,"0","0","1","2"
1416.5,86,1981,0,0,"0","0","0","2"
1241.1,87,1981,0,0,"0","0","0","2"
778.3,60,1981,0,0,"0","0","0","2"
239.3,40,1957,0,0,"0","0","0","2"
400.9,73,1957,0,0,"0","0","0","2"
661,72,1919,0,0,"0","1","0","2"
400,40,1934,0,0,"0","1","0","2"
338.9,35,1934,0,0,"0","1","0","2"
289.9,35,1934,0,0,"0","1","0","2"
1909,104,1981,0,0,"0","0","1","2"
1521.7,102,1981,0,0,"0","0","1","2"
700,57,1957,0,0,"0","1","0","2"
461.7,40,1920,0,0,"0","0","0","2"
941.8,56,1957,0,0,"0","0","0","2"
987,68,1957,1,0,"0","0","0","3"
1217.4,62,1972,1,0,"0","0","0","3"
426.8,67,1972,1,0,"0","0","0","3"
530.2,40,1972,1,0,"0","0","0","3"
853,84,1972,1,0,"0","0","1","3"
982.7,79,1957,1,0,"0","0","1","3"
629.3,62,1957,0,0,"0","0","0","2"
1685.5,103,1985,1,0,"0","0","1","3"
1590.4,116,1934,0,0,"0","0","0","2"
469.4,84,1934,0,0,"0","0","0","2"
500,32,1972,1,0,"0","0","0","3"
510.2,34,1972,1,0,"0","0","0","3"
775.2,72,1972,1,0,"0","0","1","3"
376.7,38,1957,1,0,"0","0","0","3"
516.3,47,1957,1,0,"0","0","0","3"
1210.8,71,1972,1,0,"0","0","0","3"
559.2,78,1957,1,0,"0","0","0","3"
408,34,1957,1,0,"0","0","1","3"
1347.3,48,1985,0,0,"0","0","0","2"
926.3,74,1957,0,0,"0","0","0","2"
1172.3,85,1972,0,0,"0","0","0","2"
1257.7,85,1972,0,0,"0","0","0","2"
1438.5,70,1987,1,0,"0","0","0","3"
910.5,85,1934,0,0,"0","0","0","2"
342.8,62,1912,0,0,"0","0","0","2"
454.6,62,1934,0,0,"0","0","0","2"
463.2,51,1912,0,0,"0","0","0","2"
1075.3,102,1957,1,0,"0","0","0","3"
1240.6,102,1957,1,0,"0","0","0","3"
1012,102,1957,1,0,"0","0","0","3"
695,63,1953,1,0,"0","0","0","3"
620,66,1957,1,0,"0","0","0","3"
534.2,100,1907,1,0,"0","0","0","3"
811.2,35,1969,1,0,"0","0","0","3"
823.3,43,1969,1,0,"0","0","0","3"
825.3,43,1969,1,0,"0","0","0","3"
693.7,74,1934,0,0,"0","0","0","2"
1302.8,82,1934,0,0,"0","0","0","2"
575.2,58,1934,0,0,"0","1","0","2"
1221.1,100,1934,0,0,"0","0","0","2"
1200,100,1938,1,0,"0","0","1","3"
420.6,38,1932,0,0,"0","0","0","2"
347.1,37,1932,0,0,"0","0","0","2"
592.7,63,1981,0,0,"0","0","0","2"
513,72,1957,0,0,"0","0","0","2"
1398.3,100,1972,1,0,"0","0","0","3"
1250,78,1972,0,0,"0","0","0","2"
770,42,1972,0,0,"0","0","0","2"
980,97,1957,0,0,"0","0","0","2"
958,97,1957,0,0,"0","0","0","2"
472,45,1934,0,0,"0","0","0","2"
1206.6,75,1972,1,0,"0","0","0","3"
498.3,31,1985,1,0,"0","0","0","3"
1550,79,1972,1,0,"0","0","0","3"
233,45,1957,1,0,"1","0","0","3"
1347,95,1957,1,0,"0","0","1","3"
662.8,56,1934,1,0,"0","1","0","3"
1228.5,65,1981,1,0,"0","0","1","3"
1753.2,83,1957,1,0,"0","0","1","3"
1710,87,1957,1,0,"0","0","1","3"
1025.5,84,1934,1,0,"0","0","1","3"
950,62,1972,1,0,"0","0","0","3"
1650,100,1972,1,0,"0","0","0","3"
1570,95,1972,1,0,"0","0","0","3"
521.4,40,1957,0,0,"0","0","0","2"
1350,85,1972,0,0,"0","0","0","2"
597.2,34,1957,0,0,"0","0","0","2"
580,72,1972,0,1,"0","0","0","1"
682.1,38,1979,0,1,"0","0","0","1"
297.4,54,1957,0,1,"0","0","1","1"
508.1,97,1957,0,1,"0","0","0","1"
2000,114,1985,1,0,"0","0","0","3"
1104,57,1934,1,0,"0","0","0","3"
1400,62,1909,1,0,"0","0","0","3"
1190,88,1934,1,0,"0","0","1","3"
1129,88,1934,1,0,"0","0","1","3"
1189.2,50,1934,1,0,"0","0","1","3"
1168.1,107,1957,1,0,"0","0","0","3"
628,48,1934,1,0,"0","0","0","3"
565,50,1934,0,1,"0","0","0","1"
691,62,1934,0,1,"0","0","0","1"
713,62,1934,0,1,"0","0","0","1"
675.5,62,1972,1,0,"0","1","0","3"
651.4,62,1972,1,0,"0","1","0","3"
1698.2,120,1934,0,0,"0","0","0","2"
1618,110,1957,0,0,"0","0","0","2"
593.6,64,1934,1,0,"0","0","0","3"
356.7,84,1893,1,0,"1","1","0","3"
906,41,1928,1,0,"0","0","0","3"
555.1,38,1981,1,0,"0","0","0","3"
643.2,87,1957,1,0,"0","0","0","3"
638.6,90,1957,1,0,"0","0","0","3"
904.7,40,1972,1,0,"0","0","0","3"
982.5,69,1972,0,0,"0","0","0","2"
684.1,42,1972,0,0,"0","0","0","2"
904.7,69,1972,0,0,"0","0","0","2"
1023.2,45,1965,0,0,"0","0","0","2"
545.7,70,1957,0,0,"0","0","0","2"
985.4,94,1957,0,0,"0","0","0","2"
1245,98,1972,0,0,"0","0","0","2"
1566,79,1972,0,0,"0","0","0","2"
1030,71,1972,0,0,"0","0","0","2"
764,79,1972,0,0,"0","0","0","2"
549.5,53,1934,1,0,"0","0","1","3"
480.5,30,1934,1,0,"0","0","0","3"
1235,73,1962,0,0,"0","0","0","2"
653,69,1957,0,0,"0","0","0","2"
753.6,75,1957,0,0,"0","0","1","2"
602.3,59,1957,0,0,"0","0","0","2"
508.1,40,1957,0,0,"0","0","0","2"
454,43,1957,0,0,"0","0","0","2"
1263.8,72,1957,1,0,"0","0","0","3"
646,48,1957,0,0,"0","0","0","2"
896,55,1957,0,0,"0","0","0","2"
744.8,58,1957,0,0,"0","0","0","2"
833.5,41,1985,0,0,"0","0","0","2"
676.3,49,1950,0,0,"0","1","0","2"
1009,69,1972,1,0,"0","0","0","3"
1353.8,70,1985,0,0,"0","0","1","2"
487.6,70,1956,0,1,"0","1","0","1"
470.5,75,1956,0,1,"0","1","0","1"
1032.9,62,1981,0,0,"0","0","0","2"
663.6,41,1981,0,0,"0","0","0","2"
827.2,77,1972,0,0,"0","0","0","2"
1148.3,65,1966,0,0,"0","0","0","2"
1016.4,55,1972,0,0,"0","0","0","2"
788.2,55,1972,0,0,"0","0","0","2"
472.5,50,1934,0,0,"0","0","0","2"
448.4,65,1934,0,1,"0","1","0","1"
1232,67,1988,0,0,"0","0","0","2"
1025.9,43,1985,0,0,"0","0","0","2"
1424.9,67,1988,0,0,"0","0","0","2"
1452,88,1970,0,0,"0","0","0","2"
749.2,37,1972,0,0,"0","0","0","2"
598.3,37,1970,0,0,"0","0","0","2"
629.7,40,1981,0,1,"0","1","0","1"
887.4,64,1972,0,0,"0","0","0","2"
526.8,60,1957,0,0,"0","1","0","2"
1065.6,38,1972,1,0,"0","0","0","3"
1130.8,85,1972,1,0,"0","0","0","3"
1176.5,84,1972,1,0,"0","0","0","3"
1129.4,70,1972,1,0,"0","0","0","3"
589.4,70,1972,1,0,"0","0","0","3"
701.4,70,1972,1,0,"0","0","0","3"
950,92,1972,1,0,"0","0","0","3"
936.5,91,1972,1,0,"0","0","0","3"
784.8,74,1972,1,0,"0","0","0","3"
633.6,87,1957,1,0,"0","0","0","3"
500.2,45,1957,1,0,"0","0","0","3"
167.2,100,1957,0,0,"0","0","0","2"
354.5,100,1957,0,0,"0","0","0","2"
246.5,71,1957,0,0,"0","0","0","2"
294.2,81,1957,0,0,"0","0","0","2"
1302,80,1962,1,0,"0","0","1","3"
711,75,1962,1,0,"0","0","1","3"
1573.9,79,1980,0,0,"0","0","0","2"
515.2,45,1972,0,0,"0","1","0","2"
540.8,72,1972,0,0,"0","0","0","2"
482.9,72,1968,0,0,"0","0","0","2"
560.7,80,1957,0,0,"0","0","0","2"
382.1,64,1957,0,0,"0","1","0","2"
552.6,72,1952,0,0,"0","1","0","2"
1076.8,100,1972,0,0,"0","1","0","2"
635.4,40,1957,0,0,"0","0","0","2"
621.4,42,1963,0,0,"0","0","0","2"
697.9,77,1957,0,0,"0","0","0","2"
488.9,31,1957,0,0,"0","0","0","2"
636,61,1957,0,0,"0","0","0","2"
636,61,1957,0,0,"0","0","0","2"
620.4,67,1957,0,0,"0","0","0","2"
637,61,1957,0,0,"0","0","0","2"
536.5,84,1910,0,0,"0","1","1","2"
1132.1,92,1893,0,0,"0","1","0","2"
814.1,54,1985,0,0,"0","0","0","2"
534,92,1957,0,0,"0","0","1","2"
217.3,32,1972,0,0,"0","0","0","2"
633.9,39,1970,0,0,"0","0","0","2"
960.9,54,1972,0,0,"0","1","0","2"
494.9,80,1934,0,0,"0","1","0","2"
677,57,1957,0,0,"0","0","0","2"
1469.4,76,1957,1,0,"0","0","0","3"
908.5,86,1893,0,1,"0","1","0","1"
941.9,80,1964,1,0,"0","0","0","3"
682,63,1972,1,0,"0","0","0","3"
722,63,1972,1,0,"0","0","0","3"
984,82,1972,1,0,"0","0","0","3"
851.4,49,1965,0,0,"0","0","0","2"
430.3,47,1893,0,0,"0","1","0","2"
1064.8,60,1893,0,0,"0","0","0","2"
1576,66,1981,0,0,"0","0","1","2"
1432.6,99,1893,0,0,"0","0","0","2"
816.7,64,1893,0,0,"0","1","0","2"
809.1,73,1968,0,0,"0","0","0","2"
876.9,73,1968,0,0,"0","0","0","2"
485.3,32,1968,0,0,"0","0","0","2"
549.6,32,1968,0,0,"0","0","0","2"
940,73,1968,0,0,"0","0","0","2"
989.2,46,1972,0,0,"0","0","0","2"
984.2,46,1934,0,0,"0","0","0","2"
1098.3,80,1981,0,0,"0","0","0","2"
925,69,1981,0,0,"0","0","0","2"
601.3,52,1972,0,0,"0","0","0","2"
778.4,30,1985,0,0,"0","0","0","2"
1287.5,74,1980,0,0,"0","0","0","2"
1241.9,49,1957,1,0,"0","0","0","3"
865.9,30,1957,1,0,"0","0","1","3"
614.2,37,1972,1,0,"0","0","0","3"
491.3,35,1965,0,0,"0","0","0","2"
604.5,35,1957,0,0,"0","0","0","2"
442.3,41,1957,0,0,"0","0","0","2"
795,39,1957,0,1,"0","0","0","1"
930,48,1957,0,1,"0","0","0","1"
1110,72,1957,1,0,"0","0","0","3"
1067.3,81,1958,1,0,"0","0","0","3"
896,109,1893,1,0,"0","0","0","3"
1175,75,1953,1,0,"0","0","0","3"
945.9,46,1953,1,0,"0","0","0","3"
554.2,72,1957,0,0,"0","0","0","2"
1187.1,89,1972,0,0,"0","0","0","2"
1226,90,1934,0,0,"0","0","0","2"
603,35,1934,0,0,"0","0","0","2"
206.8,54,1893,0,0,"0","1","0","2"
589.2,48,1934,0,0,"0","1","0","2"
528.5,59,1957,0,0,"0","1","0","2"
1036.6,72,1972,0,0,"0","0","0","2"
1048.3,68,1972,0,0,"0","0","0","2"
956.2,52,1934,0,0,"0","0","0","2"
669.3,51,1936,0,0,"0","0","0","2"
251.3,57,1972,0,0,"0","0","0","2"
400.6,57,1972,0,0,"0","0","0","2"
275.2,57,1957,0,0,"0","0","0","2"
722.6,78,1957,0,0,"0","0","0","2"
101.7,52,1957,0,0,"0","0","0","2"
258.5,87,1957,0,0,"0","0","0","2"
670.2,30,1966,0,0,"0","0","0","2"
1258.4,74,1972,1,0,"0","0","1","3"
1436.7,92,1972,0,0,"0","0","0","2"
765.3,53,1972,0,0,"0","0","0","2"
375.2,50,1957,0,0,"0","0","1","2"
513.8,53,1957,0,0,"0","1","0","2"
373.8,49,1957,0,0,"0","1","0","2"
506.8,57,1961,0,0,"0","0","0","2"
482.5,32,1974,1,0,"0","0","1","3"
800,65,1972,1,0,"0","0","0","3"
1091.6,65,1972,1,0,"0","0","0","3"
762.8,56,1934,0,0,"0","0","0","2"
426.5,65,1902,0,0,"0","1","0","2"
394.9,43,1902,0,0,"0","1","0","2"
675.4,101,1908,0,0,"0","0","0","2"
1092,80,1979,0,0,"0","0","0","2"
746.3,68,1957,0,0,"0","0","0","2"
909.5,79,1963,0,0,"0","0","0","2"
939.4,78,1957,0,0,"0","0","0","2"
480.7,30,1972,1,0,"0","0","0","3"
1151,88,1899,0,0,"0","1","0","2"
846.6,58,1899,0,0,"0","1","0","2"
921.2,56,1966,0,0,"0","1","0","2"
606.3,54,1966,0,0,"0","1","0","2"
471.1,56,1934,0,0,"0","1","0","2"
382.6,47,1961,1,0,"0","0","0","3"
1026,92,1972,1,0,"0","0","0","3"
916.3,45,1981,1,0,"0","0","0","3"
1067.6,92,1981,1,0,"0","0","0","3"
331.4,45,1934,0,0,"0","0","0","2"
361.4,44,1939,0,0,"0","0","0","2"
922.6,72,1972,1,0,"0","0","0","3"
681,96,1893,0,1,"0","1","0","1"
608.3,110,1893,0,1,"0","1","0","1"
792,65,1957,0,0,"0","0","0","2"
559,40,1957,0,0,"0","0","0","2"
700,60,1957,0,0,"0","0","0","2"
906.6,64,1957,0,0,"0","0","0","2"
927.2,86,1972,0,0,"0","0","0","2"
399,46,1957,0,0,"0","1","0","2"
358.6,35,1957,0,0,"0","1","0","2"
775,75,1957,0,0,"0","1","0","2"
903.7,48,1957,0,0,"0","0","0","2"
1213,78,1957,0,0,"0","0","0","2"
1300,73,1985,0,0,"0","0","0","2"
1400,76,1981,0,0,"0","0","0","2"
928.5,57,1934,0,0,"0","0","0","2"
730.9,55,1972,0,1,"0","0","0","1"
710,53,1972,0,1,"0","0","0","1"
733.5,39,1972,0,1,"0","0","0","1"
733.9,38,1962,0,0,"0","0","0","2"
740.9,72,1981,0,0,"0","0","0","2"
739.2,65,1985,0,0,"0","0","0","2"
434,43,1934,0,0,"0","1","0","2"
427.3,40,1934,0,0,"0","1","0","2"
374.5,56,1934,0,0,"0","0","0","2"
523.5,56,1934,0,0,"0","0","0","2"
381.8,56,1957,0,0,"0","0","0","2"
363.9,56,1957,0,0,"0","0","0","2"
825.9,48,1957,0,0,"0","0","0","2"
715.9,78,1934,0,0,"0","0","0","2"
778.8,73,1957,0,0,"0","0","0","2"
640,82,1927,0,0,"0","0","0","2"
1000,73,1927,0,0,"0","0","0","2"
728.4,78,1927,0,0,"0","0","0","2"
570,79,1934,0,0,"0","0","0","2"
459.6,48,1957,0,0,"0","1","1","2"
705,59,1934,0,0,"0","1","1","2"
510,47,1934,0,0,"0","1","0","2"
360.6,63,1957,0,0,"0","1","0","2"
716.5,79,1957,0,0,"0","0","0","2"
867.7,97,1957,0,0,"0","0","0","2"
632.9,69,1957,0,0,"0","0","0","2"
443.3,54,1893,0,0,"0","1","0","2"
373.2,57,1893,0,0,"0","1","0","2"
759.9,105,1893,0,0,"0","1","0","2"
556.7,82,1986,0,0,"0","0","0","2"
367.8,90,1893,0,0,"0","1","0","2"
548.9,80,1893,0,0,"0","1","0","2"
500.9,95,1893,0,0,"0","1","0","2"
1073.6,110,1934,0,0,"0","0","0","2"
940.3,85,1934,0,0,"0","0","0","2"
1308.3,110,1934,0,0,"0","0","0","2"
341.2,85,1893,0,0,"0","0","0","2"
678.7,65,1957,0,0,"0","0","0","2"
971.7,73,1957,0,0,"0","0","0","2"
975.5,48,1962,0,0,"0","0","0","2"
551.2,30,1934,0,0,"0","0","0","2"
890.2,67,1959,0,0,"0","0","0","2"
717.6,51,1934,0,0,"0","0","0","2"
1365,102,1981,0,0,"0","0","0","2"
1085.2,98,1980,0,0,"0","0","0","2"
548.3,92,1934,0,0,"0","0","0","2"
351.8,69,1938,0,0,"0","1","0","2"
571.3,68,1934,0,0,"0","0","0","2"
525,59,1938,0,0,"0","0","0","2"
352.8,69,1934,0,0,"0","1","0","2"
547.6,100,1893,0,0,"0","0","0","2"
191.4,70,1893,0,0,"0","0","0","2"
347.4,67,1960,0,0,"0","1","0","2"
486.9,67,1960,0,0,"0","1","0","2"
1664.3,108,1959,1,0,"0","0","1","3"
132.1,84,1893,0,0,"0","1","0","2"
762.3,90,1893,1,0,"0","0","0","3"
1034,100,1934,1,0,"0","0","0","3"
675.5,100,1893,1,0,"0","0","0","3"
1915.7,115,1893,1,0,"0","0","1","3"
519.5,56,1934,1,0,"0","1","0","3"
460.5,56,1934,1,0,"0","1","0","3"
357.5,43,1934,1,0,"1","1","0","3"
375.1,37,1957,1,0,"0","0","0","3"
445.9,45,1957,1,0,"0","0","0","3"
520.2,54,1957,1,0,"0","0","0","3"
280.6,52,1957,1,0,"0","0","0","3"
851.3,84,1957,1,0,"0","0","0","3"
759.8,65,1957,1,0,"0","1","0","3"
456.7,78,1972,1,0,"0","1","0","3"
1256.3,50,1985,1,0,"0","0","0","3"
1644.2,71,1985,1,0,"0","0","0","3"
242.1,76,1893,1,0,"0","0","0","3"
254.4,57,1957,1,0,"0","1","0","3"
779.7,74,1934,1,0,"0","0","0","3"
683.4,68,1957,1,0,"0","1","0","3"
737.8,92,1893,1,0,"0","1","0","3"
1188.1,60,1934,1,0,"0","1","0","3"
1249.5,62,1957,1,0,"0","1","0","3"
194.1,42,1957,1,0,"0","1","1","3"
692.8,68,1893,1,0,"1","1","0","3"
676.7,48,1893,1,0,"0","1","0","3"
1300,69,1893,1,0,"0","0","0","3"
1681.3,117,1893,1,0,"0","0","0","3"
946.8,80,1893,1,0,"0","1","0","3"
705,70,1957,1,0,"0","1","0","3"
1116.1,80,1957,1,0,"0","1","0","3"
454.5,53,1957,1,0,"0","0","0","3"
293,63,1957,1,0,"0","0","0","3"
2270.9,80,1893,1,0,"0","0","0","3"
976.4,79,1893,1,0,"0","0","0","3"
1086.2,58,1893,1,0,"0","0","1","3"
1254.6,72,1893,1,0,"0","0","0","3"
888.7,47,1893,1,0,"0","0","0","3"
997.8,54,1893,1,0,"0","0","0","3"
319.8,46,1893,1,0,"0","1","0","3"
349.6,30,1893,1,0,"1","1","0","3"
1735.1,67,1987,1,0,"0","0","0","3"
1076.7,86,1934,1,0,"0","0","0","3"
540,70,1893,1,0,"0","0","0","3"
1294.3,95,1893,1,0,"0","0","0","3"
825.9,72,1957,1,0,"0","0","0","3"
190.3,62,1957,1,0,"0","1","0","3"
608.8,58,1957,1,0,"0","0","0","3"
199.6,60,1957,1,0,"0","1","0","3"
750,89,1934,1,0,"0","0","0","3"
681.9,97,1957,1,0,"0","0","0","3"
822.7,59,1934,1,0,"0","0","0","3"
1239.2,61,1957,1,0,"0","0","0","3"
1215.1,94,1957,1,0,"0","0","0","3"
1277,120,1957,1,0,"0","1","0","3"
619,89,1934,0,0,"0","0","0","2"
598,78,1934,0,0,"0","0","0","2"
420,74,1934,0,0,"0","1","0","2"
1284.9,76,1934,0,0,"0","1","0","2"
421.5,72,1957,0,0,"0","0","1","2"
573.5,72,1957,0,0,"0","0","1","2"
1254.8,83,1957,1,0,"0","0","1","3"
1007.7,70,1957,1,0,"0","0","0","3"
755.6,52,1957,1,0,"0","0","0","3"
1057.8,89,1972,0,0,"0","0","1","2"
1102.7,55,1957,0,0,"0","0","1","2"
934.6,79,1957,0,0,"0","0","1","2"
1830.7,100,1972,0,0,"0","0","1","2"
1503.7,85,1957,0,0,"0","0","1","2"
1638.4,80,1957,1,0,"0","0","1","3"
570.9,30,1972,0,0,"0","0","0","2"
719,32,1972,0,0,"0","0","0","2"
375.8,63,1957,0,0,"0","0","1","2"
845.3,64,1934,1,0,"0","0","0","3"
1202.1,60,1957,0,0,"0","0","1","2"
1067.4,45,1957,0,0,"0","0","1","2"
868.3,69,1957,0,0,"0","0","1","2"
285.1,59,1957,0,0,"0","1","0","2"
272.1,46,1957,0,0,"0","1","0","2"
740.6,50,1957,0,0,"0","1","0","2"
700.3,51,1957,0,0,"0","1","0","2"
747.3,56,1957,0,0,"0","0","0","2"
718.8,55,1934,0,0,"0","1","0","2"
543.5,37,1934,0,0,"1","1","0","2"
413,76,1893,0,0,"0","1","0","2"
703.7,89,1934,1,0,"0","0","0","3"
813.8,50,1893,0,0,"0","0","0","2"
617.1,69,1957,0,0,"0","0","0","2"
1184.5,98,1934,0,1,"0","0","0","1"
766.8,55,1957,0,1,"0","1","0","1"
661.8,51,1972,0,0,"0","0","0","2"
674.2,68,1972,0,0,"0","0","0","2"
594.8,63,1972,0,0,"0","0","0","2"
674.4,72,1972,0,0,"0","0","0","2"
1267.3,96,1972,1,0,"0","0","0","3"
1069,95,1934,1,0,"0","0","0","3"
566.9,94,1934,1,0,"0","0","0","3"
723.5,70,1957,1,0,"0","0","0","3"
637.7,86,1957,1,0,"0","0","0","3"
329.3,34,1957,1,0,"0","0","0","3"
877.4,64,1988,1,0,"0","0","0","3"
1240.4,64,1988,1,0,"0","0","0","3"
964.6,80,1957,0,1,"0","0","0","1"
950.3,48,1957,0,1,"0","0","0","1"
420.5,40,1957,0,1,"0","0","0","1"
589.4,36,1957,0,1,"0","0","0","1"
406,119,1893,0,0,"0","1","0","2"
467.8,118,1893,0,0,"0","1","0","2"
437.5,60,1893,0,1,"0","1","0","1"
716,82,1893,0,1,"0","0","0","1"
388.1,78,1893,0,1,"0","1","0","1"
366.2,35,1893,0,1,"0","1","0","1"
461.1,68,1897,0,1,"1","1","0","1"
886.3,75,1893,0,1,"0","0","0","1"
564.1,56,1893,0,1,"0","0","0","1"
556.6,35,1893,0,1,"0","0","0","1"
555.4,40,1959,0,1,"0","0","0","1"
541.1,30,1985,0,1,"0","0","0","1"
541.1,30,1959,0,1,"0","0","0","1"
670.3,64,1959,0,1,"0","0","0","1"
413.9,94,1893,0,1,"0","0","0","1"
784.2,49,1972,0,1,"0","0","0","1"
543.1,56,1893,0,0,"0","1","0","2"
528.7,50,1893,0,0,"0","1","0","2"
619.7,108,1893,0,0,"0","1","0","2"
283.8,90,1893,1,0,"0","0","0","3"
1093.6,70,1957,0,0,"0","0","0","2"
680.3,67,1957,0,0,"0","0","0","2"
1482.7,82,1893,0,0,"0","1","0","2"
286.1,57,1893,0,0,"0","1","0","2"
905.8,66,1893,0,0,"0","0","0","2"
1239.8,64,1893,0,0,"0","0","0","2"
467.6,30,1963,0,1,"0","0","0","1"
600,34,1972,0,1,"0","0","0","1"
924.7,46,1934,0,1,"0","0","0","1"
715.2,50,1902,0,0,"0","1","0","2"
698.7,45,1902,0,0,"0","1","0","2"
833.7,45,1902,0,0,"0","1","0","2"
475,54,1964,0,0,"0","0","0","2"
609.3,45,1964,0,0,"0","0","0","2"
1540,95,1972,0,0,"0","0","1","2"
912,117,1934,1,0,"0","0","0","3"
851.9,100,1934,1,0,"0","0","0","3"
485.2,38,1934,1,0,"0","0","0","3"
768.9,49,1957,0,0,"0","0","0","2"
553.9,88,1957,0,0,"0","0","0","2"
226,65,1934,0,0,"0","1","0","2"
423.2,47,1950,0,0,"0","1","0","2"
1097.7,108,1934,1,0,"0","1","0","3"
1157.2,95,1941,1,0,"1","0","0","3"
380.8,64,1902,1,0,"0","0","0","3"
900,110,1927,1,0,"0","1","0","3"
595.1,60,1893,0,0,"0","1","0","2"
521.9,108,1893,0,0,"0","1","0","2"
537.9,65,1893,0,0,"0","1","0","2"
1291.9,58,1988,0,0,"0","0","0","2"
943.4,40,1988,0,0,"0","0","0","2"
1410,78,1972,0,0,"0","0","1","2"
1494.2,79,1972,0,0,"0","0","0","2"
1144.9,75,1972,0,0,"0","0","0","2"
1977.2,103,1957,0,0,"0","0","0","2"
676.1,63,1934,0,0,"0","0","0","2"
723.9,52,1934,0,0,"0","0","0","2"
663.7,88,1957,0,0,"0","0","0","2"
1486.6,84,1972,0,0,"0","0","0","2"
737.5,40,1957,0,0,"0","1","1","2"
1003.8,54,1957,0,0,"0","0","0","2"
1216.1,60,1957,0,0,"0","0","0","2"
692.7,66,1957,0,0,"0","0","0","2"
597.5,64,1957,0,0,"0","0","0","2"
996.4,54,1957,0,0,"0","0","0","2"
1233.2,114,1934,1,0,"0","0","1","3"
627,55,1938,1,0,"0","0","0","3"
481.6,35,1938,1,0,"0","0","1","3"
480.3,37,1938,1,0,"0","0","0","3"
303.2,50,1957,1,0,"0","0","0","3"
1733.8,90,1893,1,0,"0","0","1","3"
922.8,80,1934,1,0,"0","0","0","3"
1785.1,90,1934,1,0,"0","0","1","3"
888,100,1893,1,0,"0","1","0","3"
728.8,80,1893,1,0,"0","1","0","3"
342.1,81,1934,0,0,"0","0","0","2"
516,45,1893,0,0,"0","0","0","2"
586.1,75,1957,0,0,"0","1","0","2"
907.7,70,1893,0,0,"0","1","0","2"
905.1,74,1893,0,0,"0","0","0","2"
863.2,110,1934,0,0,"0","1","0","2"
651.7,115,1893,0,0,"0","1","0","2"
924.4,40,1893,0,0,"0","0","0","2"
1508.1,86,1981,1,0,"0","0","0","3"
1586.4,110,1981,1,0,"0","0","0","3"
1325.1,97,1981,1,0,"0","0","0","3"
885.5,72,1934,0,0,"0","0","0","2"
600.9,76,1893,0,0,"0","1","0","2"
573.3,76,1893,0,0,"0","1","0","2"
1466.8,70,1893,0,0,"0","1","0","2"
943.1,80,1934,0,0,"0","0","0","2"
1014.8,62,1957,0,0,"0","0","0","2"
563.8,56,1957,0,0,"0","0","0","2"
1437.7,60,1934,0,0,"0","0","0","2"
1120.3,87,1957,0,0,"0","0","0","2"
378.4,48,1893,0,0,"1","1","0","2"
914.5,86,1957,0,0,"0","1","0","2"
713.8,85,1934,0,0,"0","1","0","2"
618,85,1934,0,0,"0","1","0","2"
361.2,34,1934,0,0,"0","1","0","2"
1100.7,62,1957,0,0,"0","0","0","2"
539.4,60,1893,0,0,"0","0","0","2"
266.3,73,1893,0,0,"0","0","0","2"
933.1,67,1893,0,0,"0","0","0","2"
759.1,68,1893,0,0,"0","0","0","2"
894.7,63,1893,0,0,"0","0","0","2"
515.7,62,1893,0,0,"1","1","0","2"
670.3,62,1957,0,0,"0","0","0","2"
697,64,1934,0,0,"0","0","0","2"
959.4,70,1957,0,0,"0","0","0","2"
1131.8,60,1934,0,0,"0","1","0","2"
1733.7,78,1957,0,0,"0","0","0","2"
2537.9,95,1957,0,0,"0","0","0","2"
942,95,1957,0,0,"0","0","0","2"
1668.7,90,1957,0,0,"0","0","0","2"
757.5,33,1957,0,0,"0","0","0","2"
755.9,30,1957,0,0,"0","0","0","2"
441.4,39,1893,0,0,"0","0","0","2"
184.8,44,1893,0,0,"1","1","0","2"
456.2,80,1893,0,0,"0","1","1","2"
763.3,85,1985,0,0,"0","0","0","2"
1195.9,58,1972,0,0,"0","0","0","2"
724.7,67,1972,0,0,"0","0","0","2"
424,55,1893,0,0,"0","1","0","2"
406.8,60,1893,0,0,"0","1","0","2"
605.8,60,1893,0,0,"0","1","0","2"
508.8,36,1893,1,0,"0","0","0","3"
794.2,71,1934,0,0,"0","0","0","2"
720.2,71,1934,0,0,"0","0","0","2"
1346.8,80,1957,1,0,"0","0","0","3"
1429,90,1957,1,0,"0","0","0","3"
576.5,35,1893,0,0,"1","0","0","2"
771.3,81,1893,0,0,"0","1","1","2"
1036.5,100,1893,0,0,"0","0","0","2"
1009.8,87,1957,0,0,"0","0","0","2"
867.2,80,1893,0,0,"0","1","0","2"
487.5,120,1893,0,0,"0","1","0","2"
381.3,120,1893,0,0,"0","1","0","2"
563.6,110,1893,0,0,"0","1","0","2"
921.3,83,1981,0,0,"0","0","0","2"
400.3,95,1934,1,0,"0","1","0","3"
823.2,60,1894,1,0,"0","1","0","3"
977.2,105,1893,1,0,"0","0","0","3"
1050.1,70,1893,1,0,"0","1","0","3"
1227.2,105,1894,1,0,"0","1","0","3"
811.8,47,1893,1,0,"0","1","0","3"
365.1,58,1893,0,0,"0","1","0","2"
649.5,69,1957,1,0,"0","0","1","3"
430,60,1972,0,0,"0","0","0","2"
1567.6,100,1957,1,0,"0","0","1","3"
1117.5,49,1957,0,0,"0","0","0","2"
764.3,63,1957,1,0,"0","0","1","3"
483.6,73,1934,0,0,"0","0","0","2"
456,76,1962,1,0,"0","1","0","3"
238,44,1953,1,0,"0","1","0","3"
517.9,56,1958,0,0,"0","1","0","2"
595.5,53,1934,0,0,"0","1","0","2"
492.1,68,1971,0,0,"0","0","0","2"
653,77,1972,0,0,"0","0","0","2"
608,67,1972,0,0,"0","0","0","2"
628,78,1972,0,0,"0","0","0","2"
481,58,1972,0,0,"0","0","0","2"
577,67,1972,0,0,"0","0","0","2"
581,40,1972,0,0,"0","0","0","2"
728,78,1972,0,0,"0","0","0","2"
533.5,69,1967,0,0,"0","0","0","2"
673,78,1967,0,0,"0","0","0","2"
762,78,1972,0,0,"0","0","0","2"
462.8,56,1969,0,0,"0","0","0","2"
478.9,68,1957,0,0,"0","0","0","2"
433.8,48,1969,0,0,"0","0","0","2"
740.3,68,1969,0,0,"0","0","0","2"
417.3,36,1972,0,0,"0","0","0","2"
556.7,36,1972,0,0,"0","0","0","2"
411,37,1972,0,0,"0","0","0","2"
472,35,1972,0,0,"0","0","0","2"
847.2,88,1968,0,0,"0","0","0","2"
413,37,1972,0,0,"0","0","0","2"
597.4,64,1968,0,0,"0","0","0","2"
861,65,1972,0,0,"0","0","0","2"
1089.9,92,1968,0,0,"0","0","0","2"
909.2,79,1969,0,0,"0","0","0","2"
608.2,49,1969,0,0,"0","0","0","2"
676.9,59,1969,0,0,"0","0","0","2"
818.1,68,1957,0,0,"0","0","0","2"
708,66,1957,0,0,"0","0","0","2"
587.9,52,1957,0,0,"0","0","0","2"
560,45,1957,0,0,"0","0","0","2"
696.9,77,1934,0,0,"0","0","0","2"
184.9,65,1919,0,0,"0","0","0","2"
697.1,46,1970,0,0,"0","0","0","2"
997.7,70,1972,0,0,"0","0","0","2"
960.6,73,1972,0,0,"0","0","0","2"
440.3,35,1969,0,0,"0","0","0","2"
847.4,35,1969,0,0,"0","0","0","2"
469.5,32,1969,0,0,"0","0","0","2"
500,32,1972,0,0,"0","0","0","2"
723.5,63,1952,0,0,"0","0","0","2"
383.2,66,1957,0,0,"0","0","0","2"
744.7,48,1963,0,0,"0","0","0","2"
231.4,60,1957,0,0,"0","0","0","2"
526.3,75,1972,0,0,"0","0","0","2"
1273.5,86,1972,0,0,"0","0","1","2"
848.3,67,1972,0,0,"0","0","0","2"
902.2,89,1972,0,0,"0","0","0","2"
1450,75,1972,0,0,"0","0","0","2"
822.1,100,1972,0,0,"0","0","1","2"
423.5,70,1957,0,1,"0","0","0","1"
1691.2,118,1981,0,1,"0","0","1","1"
510.5,42,1981,0,1,"0","0","0","1"
570.3,67,1972,0,0,"0","0","1","2"
680,68,1972,0,0,"0","0","0","2"
855,68,1972,0,0,"0","0","1","2"
749.2,60,1972,0,0,"0","0","0","2"
706.4,76,1934,0,0,"0","0","0","2"
677.3,55,1972,0,0,"0","0","0","2"
2028.4,103,1972,0,0,"0","0","0","2"
1500,77,1972,0,0,"0","0","0","2"
278.1,55,1934,0,0,"0","1","0","2"
301.9,81,1934,0,0,"0","0","0","2"
689.3,54,1972,0,0,"0","0","0","2"
1310,73,1972,0,0,"0","0","0","2"
1328,87,1981,0,0,"0","0","0","2"
767.9,70,1972,0,0,"0","0","0","2"
648.3,31,1972,0,0,"0","0","0","2"
480.3,30,1972,0,0,"0","0","0","2"
521.5,33,1972,0,0,"0","0","0","2"
780.9,71,1972,0,0,"0","0","0","2"
860,40,1972,0,0,"0","0","0","2"
933.7,35,1972,0,0,"0","0","0","2"
650,67,1972,0,0,"0","0","0","2"
1300,80,1957,0,0,"0","0","1","2"
1550,85,1957,0,0,"0","0","1","2"
580.3,35,1957,0,0,"0","0","1","2"
489.7,80,1972,0,0,"0","0","1","2"
1187.4,64,1972,0,0,"0","0","0","2"
680.3,41,1957,0,0,"0","0","0","2"
1350,63,1957,0,0,"0","0","0","2"
664.6,60,1957,0,0,"0","1","0","2"
1208,100,1972,0,0,"0","0","0","2"
806.6,60,1957,0,0,"0","0","0","2"
363.2,64,1957,0,0,"0","0","0","2"
554.6,55,1957,0,0,"0","0","0","2"
764.7,73,1957,1,0,"0","0","0","3"
782.6,72,1957,1,0,"0","0","0","3"
711.3,73,1957,1,0,"0","0","0","3"
764.7,73,1957,1,0,"0","0","0","3"
895.8,74,1957,1,0,"0","0","0","3"
831.3,65,1972,0,0,"0","0","0","2"
622,55,1972,0,0,"0","0","0","2"
668.2,64,1972,0,0,"0","0","0","2"
735.4,58,1972,0,0,"0","0","0","2"
545.3,65,1972,0,0,"0","0","0","2"
1641.1,72,1972,1,0,"0","0","0","3"
432.3,30,1972,1,0,"0","0","0","3"
672.6,39,1972,1,0,"0","0","0","3"
766.2,40,1972,1,0,"0","0","0","3"
657.7,55,1893,1,0,"0","0","1","3"
607.3,56,1893,1,0,"0","1","0","3"
577,75,1972,1,0,"0","1","0","3"
758.4,40,1972,1,0,"0","0","0","3"
1800,110,1972,1,0,"0","0","1","3"
1153.7,76,1934,1,0,"0","0","1","3"
781.2,70,1972,1,0,"0","0","0","3"
1566.5,95,1981,1,0,"0","0","1","3"
1600.3,95,1981,1,0,"0","0","1","3"
1834.2,98,1981,1,0,"0","0","1","3"
1370.9,88,1957,1,0,"0","0","1","3"
758.9,65,1985,0,0,"0","0","0","2"
774.1,110,1934,0,0,"0","0","0","2"
943.8,69,1972,1,0,"0","0","0","3"
897.8,69,1972,1,0,"0","0","0","3"
669.2,84,1972,1,0,"0","0","0","3"
664.6,69,1972,1,0,"0","0","0","3"
797.5,46,1966,0,0,"0","0","0","2"
627.6,56,1966,0,0,"0","0","0","2"
630.4,30,1957,0,0,"0","0","0","2"
400.8,35,1987,0,0,"0","0","0","2"
664.9,68,1957,0,0,"0","0","0","2"
382.8,30,1964,0,0,"0","0","0","2"
604.1,67,1957,0,0,"0","0","0","2"
532.3,73,1957,0,0,"0","0","0","2"
1405.9,94,1954,0,1,"0","0","0","1"
299.2,50,1957,0,1,"0","0","0","1"
409.1,61,1918,0,0,"0","1","0","2"
1400,110,1972,0,0,"0","0","0","2"
898.5,80,1967,0,0,"0","0","0","2"
437.1,80,1972,0,0,"0","0","0","2"
770.1,102,1972,0,0,"0","0","0","2"
333.3,80,1972,0,0,"0","0","0","2"
1019.5,81,1972,0,0,"0","0","0","2"
506.1,42,1972,0,1,"0","0","0","1"
809.7,60,1972,0,1,"0","0","0","1"
463.1,36,1956,0,0,"0","0","0","2"
621.5,80,1893,0,1,"0","0","0","1"
929,56,1972,0,0,"0","0","0","2"
474.3,44,1972,0,0,"0","0","0","2"
843.7,79,1972,0,0,"0","0","0","2"
1142.7,87,1972,0,0,"0","0","0","2"
863.1,87,1972,0,0,"0","0","0","2"
819.6,88,1972,0,0,"0","0","0","2"
558.7,60,1957,0,0,"0","0","0","2"
713.2,65,1957,0,0,"0","1","0","2"
881.4,53,1957,0,0,"0","0","0","2"
551.2,110,1893,0,0,"0","0","0","2"
506.3,107,1893,0,0,"0","0","0","2"
712.3,50,1957,0,0,"0","0","0","2"
432.4,36,1957,0,0,"0","0","0","2"
752.2,78,1957,0,0,"0","0","0","2"
1035.8,78,1957,0,0,"0","0","0","2"
445.9,52,1957,1,0,"0","0","0","3"
650.6,52,1957,1,0,"0","1","0","3"
625.5,52,1957,1,0,"0","0","0","3"
855.7,43,1972,0,0,"0","0","0","2"
957.4,70,1972,0,0,"0","0","0","2"
793.7,42,1972,0,0,"0","0","0","2"
600.8,32,1972,0,0,"0","0","0","2"
370.1,82,1893,0,0,"0","1","0","2"
283.3,60,1893,0,0,"1","1","0","2"
127.1,46,1893,0,0,"1","1","0","2"
1189.6,83,1972,1,0,"0","0","1","3"
897.5,65,1950,1,0,"0","0","0","3"
1199.2,74,1972,1,0,"0","0","0","3"
1071.8,120,1893,0,0,"0","0","0","2"
1142.9,96,1893,0,0,"0","0","1","2"
763.7,40,1988,0,0,"0","0","0","2"
1730.1,84,1988,1,0,"0","0","1","3"
248.9,43,1893,0,0,"1","1","0","2"
728.5,65,1957,1,0,"0","0","0","3"
1820.2,92,1972,1,0,"0","0","0","3"
1679.7,105,1961,0,0,"0","0","0","2"
1159.7,92,1957,1,0,"0","0","0","3"
1730.8,75,1957,1,0,"0","0","0","3"
1071.4,60,1972,1,0,"0","0","0","3"
690.4,69,1957,0,0,"0","0","0","2"
957.2,69,1957,0,0,"0","0","0","2"
619.8,46,1957,0,0,"0","0","0","2"
581,48,1957,0,0,"0","0","0","2"
524,55,1898,0,0,"0","0","0","2"
562.2,58,1898,0,0,"0","0","0","2"
479,35,1898,0,0,"0","0","0","2"
323,113,1970,0,0,"0","0","0","2"
748.8,45,1970,0,0,"0","0","0","2"
377.9,56,1951,0,0,"0","0","0","2"
324.9,39,1957,0,0,"0","0","0","2"
1009.2,55,1981,0,0,"0","0","0","2"
1130,55,1981,0,0,"0","0","0","2"
987,54,1981,0,0,"0","0","0","2"
925.1,55,1981,0,0,"0","0","0","2"
989.4,55,1981,0,0,"0","0","0","2"
1169.1,75,1956,0,0,"0","0","0","2"
535.8,110,1957,0,0,"0","0","0","2"
1125.8,46,1919,0,0,"0","0","0","2"
1152.1,50,1957,0,0,"0","0","0","2"
783.6,58,1985,0,0,"0","0","0","2"
865,57,1988,0,0,"0","0","0","2"
335.6,39,1957,0,0,"0","0","0","2"
1241.7,65,1959,0,0,"0","0","0","2"
795,98,1972,0,0,"0","0","0","2"
693.3,94,1972,0,0,"0","0","1","2"
1049.7,96,1972,0,0,"0","0","1","2"
892,56,1972,0,0,"0","0","0","2"
939.9,63,1972,0,0,"0","0","0","2"
1180,82,1981,0,0,"0","0","0","2"
663.8,53,1972,0,0,"0","0","0","2"
383,39,1934,0,0,"0","1","0","2"
755,66,1957,0,0,"0","0","0","2"
539.3,38,1957,0,0,"0","1","0","2"
1480,114,1985,0,0,"0","0","0","2"
1061.8,67,1981,0,0,"0","0","1","2"
713.2,90,1957,0,0,"0","0","0","2"
828.8,90,1972,0,0,"0","0","0","2"
1528,103,1957,0,0,"0","0","0","2"
581.3,50,1972,0,0,"0","0","0","2"
1390.4,100,1957,0,0,"0","0","0","2"
1287.1,110,1972,0,0,"0","0","0","2"
1367.4,79,1972,0,0,"0","0","1","2"
1345.9,120,1981,0,0,"0","0","1","2"
307.5,55,1957,0,0,"0","1","0","2"
597.5,65,1957,0,0,"0","0","0","2"
970,61,1957,0,0,"0","0","0","2"
1320,64,1985,0,0,"0","0","0","2"
742.7,30,1971,1,0,"0","0","0","3"
1120.1,95,1972,1,0,"0","0","1","3"
1701.3,85,1981,1,0,"0","0","1","3"
1000.4,41,1972,1,0,"0","0","0","3"
1715.4,114,1981,0,0,"0","0","0","2"
1599.6,106,1981,0,0,"0","0","0","2"
1421.2,95,1957,1,0,"0","0","0","3"
295.5,70,1957,1,0,"0","0","0","3"
664.8,75,1957,1,0,"0","0","0","3"
601.8,72,1957,1,0,"0","0","0","3"
365.8,87,1957,1,0,"0","0","0","3"
600,87,1957,1,0,"0","0","0","3"
562,46,1981,1,0,"0","0","0","3"
653.3,54,1981,1,0,"0","0","0","3"
537.2,60,1979,1,0,"0","0","0","3"
583,46,1981,1,0,"0","0","0","3"
903.6,70,1981,1,0,"0","0","0","3"
632.8,52,1957,0,0,"0","1","0","2"
739.9,90,1934,1,0,"0","0","0","3"
508.6,30,1957,1,0,"0","0","0","3"
408.6,30,1957,1,0,"0","0","0","3"
589.9,39,1984,1,0,"0","0","0","3"
953.5,65,1984,1,0,"0","0","0","3"
1030,69,1984,1,0,"0","0","0","3"
859,35,1972,1,0,"0","0","0","3"
1485,74,1970,1,0,"0","0","0","3"
1351.9,104,1970,1,0,"0","0","0","3"
1203,84,1970,1,0,"0","0","0","3"
924.9,78,1972,1,0,"0","0","0","3"
937,78,1972,1,0,"0","0","0","3"
1153.8,76,1964,1,0,"0","0","0","3"
442.3,33,1957,1,0,"0","0","0","3"
570,70,1957,1,0,"0","0","0","3"
483.2,52,1965,1,0,"0","0","0","3"
399,53,1972,1,0,"0","0","0","3"
462.9,52,1957,1,0,"0","0","0","3"
581.3,70,1957,1,0,"0","0","0","3"
1334.7,85,1980,1,0,"0","0","0","3"
818.1,56,1962,1,0,"0","0","0","3"
449.8,42,1957,0,0,"0","0","0","2"
405.9,46,1957,0,0,"0","0","0","2"
403.7,64,1957,1,0,"0","0","0","3"
481.1,65,1957,1,0,"0","0","0","3"
537.1,63,1962,1,0,"0","0","0","3"
662.9,45,1934,1,0,"0","0","0","3"
335.8,38,1954,0,0,"1","0","0","2"
1240.2,90,1981,1,0,"0","0","0","3"
1220,82,1981,1,0,"0","0","0","3"
1775.4,86,1988,1,0,"0","0","0","3"
611.3,86,1934,1,0,"0","0","0","3"
630.4,38,1957,0,1,"0","0","0","1"
1756.8,110,1983,0,1,"0","0","0","1"
1033,79,1957,0,1,"0","0","0","1"
720,54,1957,0,1,"0","0","0","1"
307.4,80,1893,0,1,"0","1","0","1"
255.6,72,1893,0,1,"0","1","0","1"
200,50,1969,0,1,"0","0","0","1"
515.1,76,1972,0,1,"0","0","0","1"
510.9,76,1972,0,1,"0","0","0","1"
518.8,76,1972,0,1,"0","0","0","1"
619,92,1972,0,1,"0","0","0","1"
812,92,1972,0,1,"0","0","0","1"
902.1,72,1960,0,1,"0","0","0","1"
761.3,72,1957,0,1,"0","0","0","1"
697.6,60,1957,0,1,"0","0","0","1"
550,60,1960,0,1,"0","0","0","1"
440.7,41,1957,0,1,"0","0","0","1"
322.8,48,1893,1,0,"0","0","0","3"
995.3,112,1934,1,0,"0","1","0","3"
771.2,54,1972,0,0,"0","0","0","2"
1084.1,65,1956,0,0,"0","0","0","2"
2299,110,1959,0,0,"0","0","1","2"
821,80,1957,0,0,"0","1","0","2"
824.3,67,1957,0,0,"0","0","0","2"
686.9,82,1957,0,0,"0","0","0","2"
815.8,77,1928,0,1,"0","0","0","1"
726.7,76,1934,0,1,"0","0","0","1"
798.6,110,1893,0,1,"0","0","0","1"
577.7,56,1934,0,1,"0","1","0","1"
518.3,43,1972,0,0,"0","0","0","2"
905,55,1988,0,0,"0","0","0","2"
1120,51,1985,0,0,"0","0","0","2"
944.5,51,1985,0,0,"0","0","0","2"
1200,52,1988,0,0,"0","0","0","2"
979.9,60,1957,0,0,"0","0","0","2"
750,70,1972,0,0,"0","0","0","2"
970.7,64,1972,0,0,"0","0","0","2"
1000,82,1972,0,0,"0","0","0","2"
824.7,81,1972,0,0,"0","0","0","2"
647.8,96,1957,0,0,"0","0","0","2"
2172.8,104,1905,0,0,"0","0","1","2"
1372.7,85,1957,0,0,"0","0","0","2"
1371,83,1957,0,0,"0","0","0","2"
590,82,1957,0,0,"0","0","0","2"
544.2,32,1965,0,0,"0","0","0","2"
544.2,32,1957,0,0,"0","0","0","2"
544.2,32,1965,0,0,"0","0","0","2"
544.2,32,1957,0,0,"0","0","0","2"
1097.8,65,1972,0,0,"0","0","0","2"
523.8,56,1972,0,0,"0","0","0","2"
1491.5,90,1972,0,0,"0","0","0","2"
584.5,89,1924,0,0,"0","1","1","2"
340.9,62,1893,0,0,"0","0","0","2"
1319.7,94,1972,1,0,"0","0","1","3"
671.2,76,1972,1,0,"0","0","0","3"
1138.8,72,1972,1,0,"0","0","0","3"
1087.1,100,1934,1,0,"0","0","0","3"
858.5,47,1972,0,0,"0","0","0","2"
1537.2,95,1957,1,0,"0","0","0","3"
1625.4,95,1952,1,0,"0","0","0","3"
688,75,1957,1,0,"0","0","0","3"
895.2,70,1957,1,0,"0","1","0","3"
467.9,44,1934,1,0,"1","1","0","3"
1130.8,55,1967,1,0,"0","0","0","3"
592.9,33,1893,1,0,"0","0","1","3"
558.3,30,1967,1,0,"1","0","0","3"
1600,106,1893,1,0,"0","0","0","3"
567,75,1975,1,0,"0","0","0","3"
595.9,75,1972,1,0,"0","0","0","3"
560.1,81,1981,1,0,"0","0","0","3"
583.5,81,1981,1,0,"0","0","0","3"
714.5,56,1940,1,0,"0","0","0","3"
472.9,56,1934,1,0,"0","1","0","3"
402.9,56,1934,1,0,"0","1","0","3"
364.9,54,1934,1,0,"0","1","0","3"
611.2,103,1972,0,0,"0","0","0","2"
560.2,108,1968,0,0,"0","0","0","2"
868.8,104,1972,0,0,"0","0","1","2"
521.5,90,1972,0,0,"0","0","0","2"
670,74,1972,0,0,"0","0","0","2"
668.5,60,1957,1,0,"0","0","0","3"
1195.5,60,1968,1,0,"0","0","0","3"
471.8,34,1957,1,0,"0","0","0","3"
936.1,60,1958,1,0,"0","0","0","3"
874.2,62,1958,1,0,"0","0","0","3"
971.2,65,1957,1,0,"0","0","0","3"
530.1,40,1958,1,0,"0","0","0","3"
1247.9,78,1937,1,0,"0","0","0","3"
1438.1,80,1939,1,0,"0","0","0","3"
896.5,76,1934,1,0,"0","0","0","3"
1291.1,103,1981,1,0,"0","0","0","3"
585.6,55,1934,1,0,"0","0","0","3"
625.4,70,1934,1,0,"0","0","0","3"
850,45,1972,1,0,"0","0","0","3"
807.8,65,1957,1,0,"0","0","1","3"
760.6,48,1893,0,0,"0","1","0","2"
481.5,31,1964,1,0,"0","0","0","3"
591.6,31,1964,1,0,"0","0","0","3"
775.2,41,1964,1,0,"0","0","0","3"
860.7,54,1981,1,0,"0","0","0","3"
1242.3,72,1981,1,0,"0","0","0","3"
1481.6,55,1981,1,0,"0","0","0","3"
1262.3,72,1981,1,0,"0","0","0","3"
1490.9,92,1957,1,0,"0","0","0","3"
1197.4,104,1957,1,0,"0","0","1","3"
1800,118,1957,1,0,"0","0","0","3"
754,74,1957,0,0,"0","0","0","2"
964.9,57,1963,0,0,"0","0","0","2"
258.4,57,1957,0,0,"0","1","0","2"
754.9,85,1893,0,0,"1","1","0","2"
977.5,58,1981,0,0,"0","1","0","2"
1104.2,67,1981,0,0,"0","0","0","2"
253.3,38,1893,0,0,"0","0","0","2"
566,62,1893,0,0,"0","0","0","2"
1156.6,68,1984,0,0,"0","0","0","2"
1308.3,67,1985,0,0,"0","0","0","2"
803,105,1926,0,0,"0","0","1","2"
1080,118,1934,0,0,"0","0","0","2"
950,118,1934,0,0,"0","0","0","2"
604.8,103,1934,0,0,"0","1","0","2"
1570,98,1893,0,0,"0","1","1","2"
689.1,90,1893,0,0,"0","1","0","2"
773.7,65,1893,0,0,"0","1","0","2"
818.7,67,1893,0,0,"0","1","0","2"
1400,50,1893,0,0,"0","0","0","2"
795.3,66,1893,0,0,"0","0","0","2"
780,50,1900,0,0,"0","0","0","2"
1322.5,91,1981,0,0,"0","0","0","2"
756.9,105,1893,0,0,"0","1","0","2"
1329.4,73,1893,0,0,"0","0","1","2"
734.4,70,1949,0,0,"0","0","0","2"
302,68,1934,0,0,"0","1","0","2"
1002.1,65,1934,0,0,"0","1","0","2"
820,60,1934,1,0,"0","0","0","3"
926.2,93,1972,0,0,"0","0","0","2"
199.4,40,1957,0,0,"0","1","0","2"
1650,70,1949,0,0,"0","0","0","2"
576.2,38,1972,0,0,"0","0","0","2"
1449.5,65,1919,0,0,"0","0","0","2"
350.8,42,1957,0,0,"0","0","0","2"
723.5,45,1957,0,0,"0","0","0","2"
423.7,92,1893,0,0,"0","0","0","2"
417.9,78,1893,0,0,"0","0","0","2"
203.1,76,1893,0,0,"1","1","0","2"
1460.7,73,1981,0,0,"0","0","0","2"
1134.1,84,1893,0,0,"0","1","0","2"
1270,61,1919,0,0,"0","1","0","2"
607.7,53,1957,0,0,"0","0","0","2"
568.2,85,1893,0,0,"1","1","0","2"
1054.8,90,1893,0,0,"0","0","0","2"
908.8,107,1934,0,0,"0","0","0","2"
771.7,105,1893,0,0,"0","1","0","2"
485.4,78,1893,0,0,"0","1","0","2"
866.5,50,1934,0,0,"0","0","0","2"
1030,68,1934,0,0,"0","1","0","2"
237.1,65,1893,0,0,"1","1","0","2"
268.5,68,1893,0,0,"1","1","0","2"
782.1,96,1893,0,0,"0","1","0","2"
757.6,43,1961,1,0,"0","0","0","3"
1183.7,48,1893,0,0,"0","0","1","2"
642.7,83,1893,0,0,"0","0","1","2"
966,35,1981,1,0,"0","0","0","3"
706.4,76,1957,0,0,"0","0","0","2"
1018.3,85,1919,0,0,"0","0","0","2"
221.6,65,1934,0,0,"0","1","0","2"
1171.2,90,1981,0,0,"0","0","0","2"
1005.5,76,1981,0,0,"0","0","0","2"
226.7,48,1893,0,0,"1","1","0","2"
3000,120,1893,0,0,"0","0","0","2"
1244,51,1962,0,0,"0","0","0","2"
651.3,55,1957,0,0,"0","0","0","2"
586.7,50,1957,0,0,"0","0","0","2"
924.3,51,1957,0,0,"0","0","0","2"
761.7,72,1957,0,0,"0","0","0","2"
687,74,1893,0,0,"0","0","0","2"
389.6,65,1893,0,0,"1","1","0","2"
2250,87,1893,0,0,"0","0","0","2"
1730.9,79,1898,0,0,"0","0","0","2"
470,75,1893,0,0,"1","1","0","2"
665.8,89,1957,1,0,"0","0","0","3"
1047.5,100,1957,1,0,"0","1","0","3"
1058.6,100,1985,0,0,"0","0","0","2"
819.8,77,1972,0,0,"0","0","0","2"
628.6,71,1972,0,0,"0","0","0","2"
681.4,76,1972,0,0,"0","0","0","2"
605.5,71,1972,0,0,"0","0","0","2"
418.5,72,1972,0,0,"0","0","0","2"
1614,120,1972,0,0,"0","0","1","2"
728.3,53,1893,0,0,"0","0","0","2"
1755.2,75,1893,0,0,"0","0","0","2"
529.2,44,1893,0,0,"0","1","0","2"
425,58,1893,0,0,"0","1","0","2"
1155.5,80,1957,0,0,"0","0","0","2"
631.2,75,1957,0,0,"0","1","0","2"
355.7,73,1957,0,0,"0","1","0","2"
521.8,72,1909,0,0,"0","0","0","2"
476.9,80,1893,0,0,"0","0","0","2"
352,83,1893,0,0,"0","0","0","2"
210.7,62,1893,0,0,"0","0","0","2"
365.7,60,1893,0,0,"0","0","0","2"
751.5,57,1893,0,0,"0","1","0","2"
887.6,43,1893,0,0,"0","0","0","2"
862.5,64,1893,0,0,"0","1","0","2"
468.2,85,1905,0,0,"0","1","0","2"
426.5,52,1893,0,0,"0","1","0","2"
821.4,55,1893,0,0,"0","1","0","2"
423.3,95,1893,0,0,"0","1","0","2"
757.1,54,1893,0,0,"0","0","0","2"
749.6,80,1919,0,0,"0","0","0","2"
602.5,70,1934,0,0,"0","0","0","2"
529.3,40,1893,0,0,"0","0","0","2"
638.4,40,1893,0,0,"0","0","0","2"
1094.9,66,1983,0,0,"0","0","0","2"
1101.6,54,1981,0,0,"0","0","0","2"
1194.3,77,1957,0,0,"0","0","0","2"
537.3,52,1957,0,0,"0","0","0","2"
413.7,49,1957,0,0,"0","0","0","2"
741.6,80,1957,0,0,"0","0","0","2"
624.1,52,1957,0,0,"0","0","0","2"
730.9,82,1957,0,0,"0","0","0","2"
639.9,84,1957,0,0,"0","0","0","2"
678.9,98,1957,0,0,"0","0","0","2"
770.9,98,1893,0,0,"0","1","0","2"
630.6,81,1893,0,0,"0","1","0","2"
851.9,57,1893,0,0,"0","0","0","2"
700,68,1893,0,0,"0","1","0","2"
579.3,94,1893,0,0,"0","1","0","2"
891.2,82,1893,0,0,"0","1","0","2"
754.6,98,1893,0,0,"0","1","0","2"
1194.2,76,1957,0,0,"0","0","0","2"
1277.7,92,1893,0,0,"0","0","0","2"
714.8,38,1893,0,0,"0","1","0","2"
660,50,1893,0,0,"0","1","0","2"
853.8,110,1893,0,0,"0","1","0","2"
665.2,60,1893,0,0,"1","1","0","2"
1070,93,1893,0,0,"0","0","0","2"
695.5,80,1893,0,0,"1","1","0","2"
710.6,90,1893,0,0,"0","1","0","2"
515.8,86,1893,0,0,"0","1","0","2"
354.6,84,1957,0,0,"0","0","0","2"
591.3,57,1972,0,0,"0","0","0","2"
1634.9,84,1957,0,0,"0","0","0","2"
1436,87,1981,0,0,"0","0","0","2"
1351.9,62,1981,0,0,"0","0","0","2"
721.2,42,1981,0,0,"0","0","0","2"
2077.4,110,1981,0,0,"0","0","0","2"
225.7,79,1896,0,0,"0","1","0","2"
458.1,60,1896,0,0,"0","1","0","2"
795.6,61,1957,0,0,"0","0","0","2"
1206.3,60,1957,0,0,"0","0","0","2"
1132.4,88,1957,0,0,"0","0","0","2"
1250,100,1957,0,0,"0","0","0","2"
650,44,1957,0,0,"0","0","0","2"
544.3,44,1957,0,0,"0","0","0","2"
1071.3,80,1957,0,0,"0","0","0","2"
929.5,75,1934,0,0,"0","0","0","2"
793.4,65,1957,0,0,"0","1","0","2"
557.5,105,1957,0,0,"0","1","0","2"
633.2,103,1957,0,0,"0","1","0","2"
539.1,106,1957,0,0,"0","0","0","2"
444,98,1893,0,1,"0","1","0","1"
1134.6,110,1893,0,1,"0","1","0","1"
594.3,94,1893,0,1,"0","1","0","1"
473.5,109,1893,0,1,"0","1","0","1"
1240,75,1893,0,1,"0","0","0","1"
758.7,42,1893,0,1,"0","0","0","1"
467.7,110,1893,0,1,"0","1","0","1"
364.2,95,1893,0,1,"0","1","0","1"
799.5,96,1893,0,1,"0","0","0","1"
1887,100,1890,0,1,"0","0","0","1"
819.9,91,1893,0,1,"0","1","0","1"
825.8,73,1893,0,1,"0","0","1","1"
987.1,58,1981,0,0,"0","0","0","2"
1274.1,60,1981,0,0,"0","0","0","2"
1123.8,70,1893,0,1,"0","0","1","1"
1026.9,86,1893,0,1,"0","0","1","1"
1330.7,88,1985,0,1,"0","0","0","1"
496.1,107,1972,0,1,"0","1","0","1"
521.8,120,1893,0,1,"0","1","0","1"
636.2,91,1893,0,1,"0","1","0","1"
1106.8,83,1934,0,1,"0","0","0","1"
172,39,1957,0,1,"0","1","0","1"
318.5,62,1957,0,1,"0","1","0","1"
310.3,67,1957,0,1,"0","1","0","1"
516,59,1957,0,1,"0","1","0","1"
426.9,50,1957,0,1,"0","1","0","1"
284.7,66,1893,0,0,"0","1","0","2"
613.3,35,1967,0,0,"0","0","0","2"
511.2,43,1967,0,0,"0","0","0","2"
660.6,54,1972,0,1,"0","0","0","1"
817.2,58,1957,0,1,"0","0","0","1"
502.8,53,1957,1,0,"0","0","0","3"
999.5,75,1957,1,0,"0","0","0","3"
618.6,54,1972,0,0,"0","0","0","2"
536.3,80,1957,0,0,"0","0","0","2"
1222.9,92,1957,0,0,"0","0","0","2"
301.6,56,1934,0,1,"0","1","0","1"
324.1,58,1934,0,1,"0","1","0","1"
598.7,48,1934,0,1,"0","0","0","1"
972.5,63,1957,0,0,"0","0","0","2"
747.3,72,1893,1,0,"0","0","0","3"
490.1,110,1893,1,0,"0","0","1","3"
787.3,73,1957,1,0,"0","0","0","3"
673.4,79,1957,1,0,"0","0","0","3"
556.2,58,1919,1,0,"0","0","0","3"
1545.5,85,1893,1,0,"0","0","0","3"
1229.6,92,1893,1,0,"0","0","0","3"
1377.9,78,1934,1,0,"0","0","0","3"
1378.8,90,1893,1,0,"0","0","0","3"
586.9,30,1957,0,0,"0","0","0","2"
573.5,36,1957,0,0,"0","0","0","2"
985.3,53,1957,0,0,"0","0","0","2"
971.9,98,1957,0,0,"0","0","1","2"
735.8,98,1957,0,0,"0","0","1","2"
966.2,92,1957,0,0,"0","0","1","2"
1903,78,1957,0,0,"0","0","1","2"
584.2,45,1957,0,0,"0","0","0","2"
821.8,50,1957,0,0,"0","1","0","2"
629.7,70,1919,0,0,"0","1","0","2"
802.7,36,1957,1,0,"0","0","0","3"
799,35,1957,1,0,"0","0","0","3"
1300,80,1957,1,0,"0","1","1","3"
1561.2,80,1957,1,0,"0","0","0","3"
889.6,60,1893,0,0,"0","1","0","2"
821.6,85,1893,0,0,"0","0","0","2"
272.2,36,1893,0,0,"0","0","0","2"
622.9,63,1957,0,0,"0","0","0","2"
853.9,94,1957,0,0,"0","0","0","2"
1040,100,1919,0,0,"0","0","0","2"
1793.7,87,1934,0,0,"0","0","0","2"
414.7,60,1957,0,0,"0","0","0","2"
623,68,1957,0,0,"0","0","0","2"
196.1,60,1957,0,0,"0","0","1","2"
576.1,82,1893,0,0,"0","1","0","2"
516.4,89,1893,0,0,"0","1","0","2"
393.6,80,1893,0,1,"0","1","0","1"
586.2,34,1957,0,0,"0","0","0","2"
271.9,67,1893,0,1,"0","1","0","1"
1387.7,77,1962,1,0,"0","0","0","3"
694.5,75,1957,0,0,"0","0","0","2"
584.7,34,1962,0,0,"0","0","0","2"
1230.6,62,1957,1,0,"0","0","0","3"
900,74,1957,1,0,"0","0","0","3"
1023.9,76,1957,1,0,"0","0","0","3"
1030.4,74,1957,1,0,"0","0","0","3"
593.9,41,1957,1,0,"0","0","0","3"
1520,118,1957,1,0,"0","0","0","3"
1314.5,90,1893,1,0,"0","1","0","3"
632.9,55,1893,1,0,"0","1","0","3"
1265.3,62,1957,1,0,"0","0","0","3"
2764.5,120,1934,1,0,"0","0","0","3"
1120.2,58,1972,1,0,"0","0","0","3"
506.4,56,1957,1,0,"0","0","0","3"
607,54,1957,1,0,"0","0","0","3"
602.2,55,1957,1,0,"0","0","0","3"
356,33,1957,1,0,"0","0","0","3"
754.8,80,1957,1,0,"0","0","0","3"
1253.9,90,1957,0,0,"0","0","1","2"
854.8,74,1897,0,0,"0","0","0","2"
1175.1,84,1957,0,0,"0","0","0","2"
492.2,62,1938,1,0,"0","0","0","3"
723,58,1972,1,0,"0","0","0","3"
835,70,1972,1,0,"0","0","0","3"
1004.6,60,1972,1,0,"0","0","0","3"
639.4,76,1939,1,0,"0","0","0","3"
556.2,79,1939,1,0,"0","0","0","3"
926.4,85,1939,1,0,"0","0","0","3"
1115.9,60,1934,1,0,"0","0","0","3"
719.9,82,1934,1,0,"0","0","0","3"
1263.1,82,1934,1,0,"0","0","0","3"
1566.2,74,1934,1,0,"0","0","0","3"
232,57,1934,1,0,"0","0","0","3"
223.7,42,1957,1,0,"0","0","0","3"
1519,93,1985,0,1,"0","0","1","1"
1229,93,1985,0,1,"0","0","0","1"
596.2,48,1934,1,0,"0","0","0","3"
1399.6,86,1972,1,0,"0","0","0","3"
2402.1,120,1957,1,0,"0","0","1","3"
1450,95,1972,1,0,"0","0","0","3"
644.9,35,1972,1,0,"0","0","0","3"
972.7,65,1934,1,0,"0","0","0","3"
540,79,1957,1,0,"0","0","0","3"
572.7,60,1957,1,0,"0","1","0","3"
351.4,54,1988,1,0,"0","0","0","3"
1342.7,90,1957,1,0,"0","0","0","3"
776,59,1957,1,0,"0","0","0","3"
710.8,60,1957,1,0,"0","0","0","3"
721.3,80,1893,1,0,"0","0","0","3"
1091.2,114,1893,1,0,"0","0","0","3"
1090.9,63,1957,1,0,"0","0","0","3"
601,53,1957,0,0,"0","0","0","2"
517.2,45,1957,0,0,"0","0","0","2"
592.7,45,1957,0,0,"0","0","0","2"
892,45,1972,0,0,"0","0","0","2"
900,33,1985,1,0,"0","0","0","3"
437.5,34,1896,0,0,"0","0","0","2"
746,75,1929,0,0,"0","0","1","2"
800,70,1929,0,0,"0","0","0","2"
590.6,68,1956,1,0,"0","0","0","3"
973.8,112,1957,1,0,"0","0","0","3"
498,55,1929,1,0,"0","0","0","3"
1245.2,87,1980,1,0,"0","0","1","3"
1165.2,92,1957,0,0,"0","0","0","2"
695.7,96,1957,0,0,"0","0","0","2"
398,67,1957,0,0,"0","0","0","2"
364.4,67,1957,0,0,"0","0","0","2"
830,33,1957,0,0,"0","0","0","2"
463.6,38,1957,0,0,"0","0","0","2"
447.8,35,1957,0,0,"0","0","0","2"
1034.4,78,1972,0,0,"0","1","0","2"
820.6,60,1959,0,0,"0","0","0","2"
914.6,74,1957,0,0,"0","0","0","2"
881.6,73,1957,0,0,"0","0","0","2"
687.6,74,1934,0,0,"0","0","0","2"
552.2,33,1960,0,0,"0","0","0","2"
543.9,62,1957,0,0,"0","0","0","2"
985,60,1973,0,0,"0","0","0","2"
771.1,56,1981,0,0,"0","0","0","2"
870.2,56,1981,0,0,"0","0","0","2"
643.9,40,1981,0,0,"0","0","0","2"
960,58,1957,0,0,"0","0","0","2"
990,52,1966,0,0,"0","0","0","2"
415.6,45,1957,0,0,"0","0","0","2"
426.9,42,1957,0,0,"0","0","0","2"
274.3,38,1957,0,0,"0","0","0","2"
1049.4,56,1981,1,0,"0","0","0","3"
355,49,1981,0,1,"0","0","0","1"
980,77,1981,0,1,"0","0","0","1"
573,67,1981,0,1,"0","0","0","1"
599.8,67,1981,0,1,"0","0","0","1"
485.9,78,1981,0,1,"0","0","0","1"
505,65,1981,0,1,"0","0","0","1"
179.6,49,1957,0,1,"0","0","0","1"
130.7,49,1957,0,1,"0","0","0","1"
266.5,48,1972,0,1,"0","0","0","1"
286.4,49,1972,0,1,"0","0","0","1"
778,75,1985,0,1,"0","0","0","1"
885,102,1954,0,1,"0","0","1","1"
970,107,1954,0,1,"0","0","0","1"
863,89,1954,0,1,"0","0","0","1"
770,80,1954,0,1,"0","0","0","1"
1241,110,1972,0,1,"0","0","0","1"
1240,112,1972,0,1,"0","0","0","1"
960,79,1972,0,1,"0","0","0","1"
353.6,35,1985,0,1,"0","0","0","1"
788.1,76,1981,0,1,"0","0","1","1"
202.7,65,1957,0,1,"0","0","0","1"
240,68,1957,0,1,"0","0","0","1"
240,65,1957,0,1,"0","0","0","1"
265,65,1957,0,1,"0","0","0","1"
263.6,39,1939,0,1,"0","0","0","1"
395,44,1939,0,1,"0","0","0","1"
474,51,1958,0,1,"0","0","0","1"
635.8,84,1981,0,1,"0","0","0","1"
642.3,83,1981,0,1,"0","0","0","1"
660.6,83,1981,0,1,"0","0","0","1"
1422.3,45,1981,0,0,"0","0","0","2"
1574.1,98,1934,0,0,"0","0","0","2"
1187.2,65,1981,0,0,"0","0","0","2"
446.2,68,1972,0,0,"0","0","0","2"
387.9,67,1972,0,0,"0","0","0","2"
1125.6,83,1972,0,0,"0","0","0","2"
518.4,85,1972,0,0,"0","0","0","2"
464.3,60,1893,0,0,"0","1","0","2"
397.4,81,1893,0,0,"0","0","0","2"
394.7,71,1934,0,0,"0","0","0","2"
1114.1,61,1957,0,0,"0","0","0","2"
1704.8,96,1985,0,0,"0","0","0","2"
1401.3,55,1972,0,0,"0","0","0","2"
660,75,1893,0,0,"0","1","0","2"
951.2,110,1893,0,0,"0","0","0","2"
1861.5,100,1893,0,0,"0","0","0","2"
1489.6,100,1981,0,0,"0","0","0","2"
1210.8,96,1957,0,0,"0","0","0","2"
609.6,81,1957,0,0,"0","1","0","2"
541.7,63,1957,0,0,"0","1","0","2"
397.6,57,1957,0,0,"0","1","0","2"
372.4,59,1957,0,0,"0","1","0","2"
1248.1,82,1957,0,0,"0","0","0","2"
1034.3,94,1957,0,0,"0","0","0","2"
556.9,87,1964,0,0,"0","0","0","2"
713.7,87,1957,0,0,"0","0","0","2"
1218.9,86,1972,0,0,"0","0","0","2"
696.5,71,1972,0,0,"0","0","0","2"
474,73,1972,0,0,"0","0","0","2"
933.6,72,1972,0,0,"0","0","0","2"
308.8,57,1957,0,0,"0","1","0","2"
698,60,1957,0,0,"0","1","0","2"
378,59,1957,0,0,"0","1","0","2"
384.8,56,1957,0,0,"0","1","0","2"
371.5,59,1957,0,0,"0","1","0","2"
1151.7,89,1893,0,1,"0","1","0","1"
561.5,59,1893,0,0,"0","0","0","2"
718.9,64,1893,0,0,"0","0","0","2"
581.4,60,1893,0,0,"0","1","0","2"
332.6,34,1893,0,0,"0","1","0","2"
477.3,83,1893,0,0,"0","1","0","2"
614.3,70,1893,0,0,"0","1","0","2"
1627.3,101,1893,0,0,"0","0","0","2"
900,75,1893,0,0,"0","1","0","2"
1291.3,120,1957,1,0,"0","0","0","3"
494.2,30,1972,1,0,"0","0","0","3"
745.7,44,1934,1,0,"0","0","0","3"
1289.4,68,1893,0,0,"0","0","1","2"
989.2,73,1957,0,0,"0","0","0","2"
590,39,1957,0,0,"0","0","0","2"
333.6,60,1957,0,0,"0","1","0","2"
241.1,36,1957,0,0,"0","1","0","2"
287.7,40,1957,0,0,"0","1","0","2"
1299,90,1981,0,0,"0","0","0","2"
1436,98,1981,0,0,"0","0","1","2"
468.4,34,1972,0,0,"0","0","0","2"
512.1,53,1934,0,0,"0","1","0","2"
482.5,52,1957,0,0,"0","1","0","2"
567.6,94,1893,0,0,"0","0","0","2"
585.8,32,1972,0,0,"0","1","0","2"
1165.4,75,1972,0,0,"0","1","0","2"
426,35,1957,0,0,"0","0","1","2"
740.2,48,1972,0,0,"0","0","0","2"
660.3,65,1957,0,0,"0","1","0","2"
870.2,59,1934,0,0,"0","0","0","2"
744.6,48,1957,0,0,"0","0","0","2"
489.3,30,1972,0,0,"0","0","0","2"
589.4,66,1957,0,0,"0","0","0","2"
733.1,87,1957,0,0,"0","0","0","2"
440,46,1972,0,0,"0","0","0","2"
530,45,1957,0,0,"0","0","0","2"
592,46,1960,0,0,"0","0","0","2"
1232,62,1919,0,0,"0","0","0","2"
852.3,61,1934,0,0,"0","0","0","2"
882,62,1934,0,0,"0","0","0","2"
842.8,56,1934,0,0,"0","0","0","2"
776.4,52,1934,0,0,"0","0","0","2"
707.1,45,1957,0,0,"0","0","0","2"
1166.4,64,1957,0,0,"0","0","0","2"
705.1,31,1965,0,0,"0","0","0","2"
665.9,52,1965,0,0,"0","0","0","2"
481.4,64,1934,0,0,"0","0","0","2"
386.8,68,1934,0,0,"0","0","0","2"
655,69,1934,0,0,"0","0","0","2"
273,35,1934,0,0,"1","1","0","2"
274.5,66,1957,0,0,"0","1","0","2"
741.1,62,1957,0,0,"0","0","0","2"
552,49,1957,0,0,"0","0","0","2"
903.8,56,1972,0,0,"0","0","0","2"
1544.3,79,1934,1,0,"0","0","0","3"
1350,79,1934,1,0,"0","0","0","3"
1435.9,85,1957,1,0,"0","0","0","3"
1030.5,38,1893,1,0,"0","0","0","3"
634.2,32,1893,1,0,"0","0","1","3"
1051,98,1988,1,0,"0","0","0","3"
932.6,89,1957,1,0,"0","0","0","3"
929.2,90,1957,1,0,"0","0","0","3"
579.7,40,1957,1,0,"0","0","0","3"
1666.9,98,1893,1,0,"0","0","1","3"
593.3,40,1957,1,0,"0","0","0","3"
750.1,70,1957,1,0,"0","1","1","3"
632.1,79,1934,1,0,"0","1","0","3"
654.8,70,1934,1,0,"0","1","0","3"
1302,90,1934,1,0,"0","0","0","3"
1151.5,118,1934,1,0,"0","1","0","3"
828.2,72,1934,1,0,"0","0","0","3"
966.4,82,1957,1,0,"0","0","0","3"
1256.8,75,1957,1,0,"0","0","0","3"
779.7,79,1957,1,0,"0","0","0","3"
793.5,60,1957,1,0,"0","0","0","3"
1095.8,87,1934,1,0,"0","1","0","3"
836.8,67,1934,1,0,"0","1","0","3"
214.1,42,1934,1,0,"1","1","0","3"
712,40,1934,1,0,"0","0","0","3"
667.7,79,1934,1,0,"0","0","0","3"
1389,79,1934,1,0,"0","0","0","3"
1306.4,79,1934,1,0,"0","0","0","3"
953.7,78,1957,1,0,"0","0","0","3"
1270,112,1957,1,0,"0","0","0","3"
831.1,33,1972,1,0,"0","0","0","3"
537,67,1893,0,0,"0","0","0","2"
127.1,44,1957,0,1,"0","1","0","1"
125.5,45,1957,0,1,"0","1","0","1"
206.2,45,1957,0,1,"0","1","0","1"
204.4,44,1957,0,1,"0","1","0","1"
143.4,60,1934,0,0,"1","1","0","2"
507.5,75,1957,0,0,"0","1","0","2"
843.8,75,1957,0,0,"0","1","0","2"
948.2,76,1934,0,0,"0","1","0","2"
897.2,65,1934,0,0,"0","1","0","2"
1081,78,1972,1,0,"0","0","0","3"
640,35,1972,1,0,"0","0","0","3"
1277.9,60,1981,1,0,"0","0","0","3"
588.8,37,1972,1,0,"0","0","1","3"
1108.2,92,1981,1,0,"0","0","1","3"
584,55,1925,0,0,"0","0","0","2"
1770,98,1981,1,0,"0","0","1","3"
636.4,71,1981,1,0,"0","0","1","3"
751.3,40,1957,1,0,"0","0","0","3"
446,67,1929,1,0,"0","0","0","3"
1346.9,53,1934,0,0,"0","0","0","2"
545.7,50,1898,0,0,"0","0","0","2"
1390,90,1958,0,0,"0","1","0","2"
580.7,35,1957,0,0,"0","1","0","2"
1350,111,1934,0,0,"0","0","0","2"
1041,86,1934,0,0,"0","0","0","2"
940,86,1934,0,0,"0","0","0","2"
861,98,1934,0,0,"0","0","0","2"
954,105,1934,0,0,"0","0","0","2"
1225,111,1934,0,0,"0","0","0","2"
1162,111,1934,0,0,"0","0","0","2"
1076.3,110,1934,0,0,"0","0","0","2"
1469.7,95,1893,0,0,"0","0","0","2"
456,86,1893,0,0,"0","0","0","2"
603.9,32,1972,0,0,"0","0","0","2"
766.6,86,1972,0,0,"0","0","0","2"
1466.6,78,1971,0,0,"0","0","0","2"
625,32,1912,0,0,"0","1","1","2"
1130,45,1934,0,0,"1","0","0","2"
726,38,1912,0,0,"0","1","0","2"
950,50,1912,0,0,"0","1","1","2"
1080.7,72,1968,0,0,"0","0","0","2"
1080,80,1893,0,0,"0","0","0","2"
256.6,53,1893,0,0,"1","1","0","2"
567.6,78,1893,0,0,"0","1","0","2"
336,50,1893,0,0,"1","1","0","2"
266.7,46,1893,0,0,"0","1","0","2"
766.3,53,1957,0,0,"0","0","0","2"
702,48,1957,0,0,"0","0","0","2"
521.1,76,1919,0,0,"0","0","0","2"
701.3,76,1919,0,0,"0","0","0","2"
571.3,40,1934,1,0,"0","0","0","3"
1220,99,1934,1,0,"0","0","0","3"
1216.2,109,1972,1,0,"0","0","1","3"
1257.2,81,1972,1,0,"0","0","0","3"
1105,101,1972,1,0,"0","0","0","3"
779.4,86,1934,1,0,"0","0","0","3"
1307.6,76,1934,1,0,"0","0","0","3"
1261,85,1957,1,0,"0","0","0","3"
1880,80,1934,1,0,"0","0","0","3"
701.5,85,1934,1,0,"0","0","1","3"
1712.6,60,1984,0,0,"0","0","0","2"
828.5,61,1934,0,0,"0","1","0","2"
700,32,1971,0,0,"0","0","0","2"
578,34,1972,0,0,"0","0","0","2"
966.6,55,1971,0,0,"0","0","0","2"
1072.5,56,1969,0,0,"0","0","0","2"
360,65,1893,0,0,"1","1","0","2"
569.7,78,1893,0,0,"1","1","0","2"
718.3,68,1957,0,0,"0","0","0","2"
457,63,1957,0,0,"0","0","0","2"
996.6,48,1972,0,0,"0","0","0","2"
900,45,1972,0,0,"0","0","0","2"
700,72,1893,0,0,"0","0","0","2"
1211,68,1981,0,0,"0","0","0","2"
1007,72,1961,0,0,"0","0","0","2"
745.1,59,1981,0,0,"0","0","0","2"
973.5,65,1985,0,0,"0","0","1","2"
698.5,72,1893,0,0,"0","1","0","2"
990.1,74,1893,0,0,"0","1","0","2"
870,77,1960,0,0,"0","0","0","2"
804,60,1957,0,0,"0","0","0","2"
731.2,40,1972,0,0,"0","0","0","2"
1079.1,70,1968,0,0,"0","0","0","2"
616.3,40,1968,0,0,"0","0","0","2"
1894.9,80,1957,0,0,"0","0","0","2"
758.6,110,1893,0,0,"0","1","0","2"
1459.1,70,1958,0,0,"0","0","0","2"
727.7,39,1981,0,0,"0","0","0","2"
781,46,1973,0,0,"0","0","0","2"
1000,46,1973,0,0,"0","0","0","2"
800,39,1973,0,0,"0","0","0","2"
526.2,58,1919,0,0,"0","0","0","2"
790,83,1919,0,0,"0","0","0","2"
695.7,63,1957,0,0,"0","0","0","2"
663.3,66,1900,0,0,"0","0","0","2"
1625,90,1984,0,0,"0","0","1","2"
430,52,1956,0,0,"0","0","0","2"
1541.8,85,1919,0,0,"0","0","0","2"
577,63,1893,0,0,"0","1","0","2"
1200,110,1893,0,0,"0","0","0","2"
669.9,62,1934,0,0,"0","1","0","2"
865.8,77,1934,0,0,"0","0","0","2"
1000.7,89,1934,0,0,"0","1","0","2"
1367.6,73,1934,0,0,"0","1","0","2"
614.7,47,1934,0,0,"0","1","0","2"
1846.4,94,1893,0,0,"0","1","0","2"
1332,72,1981,0,0,"0","0","0","2"
1040,84,1981,0,0,"0","0","0","2"
920,62,1981,0,0,"0","0","0","2"
910,64,1981,0,0,"0","0","0","2"
1022,84,1981,0,0,"0","0","0","2"
514.9,38,1910,0,0,"0","1","0","2"
445.8,42,1934,0,0,"0","1","0","2"
696.2,61,1934,1,0,"0","0","0","3"
492.3,59,1893,1,0,"0","0","0","3"
345.2,61,1893,1,0,"0","0","0","3"
372.9,54,1893,0,0,"1","1","0","2"
796.5,50,1919,0,0,"0","0","0","2"
589.8,38,1934,0,0,"0","0","0","2"
819.2,60,1919,0,0,"0","0","0","2"
349.6,65,1893,0,0,"0","1","0","2"
1139.6,49,1984,0,0,"0","0","0","2"
1304.6,68,1972,1,0,"0","0","0","3"
928.1,70,1959,0,1,"0","0","0","1"
683.5,75,1893,0,0,"0","0","0","2"
1381.4,75,1893,0,0,"0","0","0","2"
1373.4,75,1893,0,0,"0","0","0","2"
1273.8,75,1893,0,0,"0","0","0","2"
637,60,1893,0,0,"0","0","0","2"
639,65,1893,0,0,"0","0","0","2"
468,46,1893,0,0,"0","0","0","2"
1700.6,85,1893,0,0,"0","0","0","2"
820,92,1893,0,0,"0","0","0","2"
704.9,94,1893,0,0,"0","0","0","2"
770,74,1893,0,0,"0","0","0","2"
811,105,1893,0,0,"0","0","0","2"
1345,107,1893,0,0,"0","0","0","2"
1324,70,1961,0,0,"0","0","0","2"
729,70,1961,0,0,"0","0","0","2"
650,51,1934,0,0,"0","0","0","2"
882.5,90,1893,0,0,"0","0","0","2"
1325,110,1893,0,0,"0","0","0","2"
1659.2,90,1893,0,0,"0","0","0","2"
1141.3,75,1893,0,0,"0","0","0","2"
1020,42,1973,0,0,"0","0","0","2"
1000,42,1973,0,0,"0","0","0","2"
1120,90,1934,0,0,"0","0","0","2"
1421.2,90,1934,0,0,"0","0","0","2"
1744.2,85,1934,0,0,"0","0","0","2"
1232.4,88,1934,0,0,"0","0","0","2"
1060.1,44,1954,0,0,"0","0","1","2"
850.1,83,1957,0,0,"0","0","0","2"
591.5,86,1954,0,0,"0","0","0","2"
773.7,100,1957,0,0,"0","0","0","2"
879.8,98,1954,0,0,"0","0","0","2"
811,101,1957,0,0,"0","0","0","2"
294.2,54,1957,0,1,"0","1","0","1"
776.5,46,1934,0,1,"0","1","0","1"
513.9,78,1958,0,0,"0","0","0","2"
1073.4,53,1934,0,1,"0","0","1","1"
1171.1,63,1899,0,1,"0","0","0","1"
666.3,78,1893,0,1,"0","0","0","1"
692.3,96,1893,0,1,"0","0","0","1"
563.9,90,1893,0,1,"0","0","0","1"
348.8,38,1981,0,0,"0","1","0","2"
475.5,42,1981,0,0,"0","1","0","2"
517.2,40,1981,0,0,"0","1","0","2"
502.1,40,1981,0,0,"0","1","0","2"
944.7,57,1972,0,0,"0","0","0","2"
1162.3,70,1972,0,0,"0","0","0","2"
755.3,75,1957,0,0,"0","0","0","2"
740.5,75,1957,0,0,"0","0","0","2"
1529.3,94,1981,0,0,"0","0","1","2"
730,43,1972,0,0,"0","0","0","2"
670,37,1972,0,0,"0","0","0","2"
540.1,38,1972,0,0,"0","0","0","2"
969.1,70,1937,1,0,"0","0","0","3"
516.8,52,1937,1,0,"0","1","0","3"
725.8,70,1937,1,0,"0","0","0","3"
1121.7,92,1895,1,0,"0","0","0","3"
843.2,76,1893,1,0,"0","0","0","3"
1171.3,72,1895,1,0,"0","0","0","3"
456.3,58,1941,0,1,"0","0","0","1"
796.6,40,1971,1,0,"0","0","0","3"
460.9,38,1972,1,0,"0","0","0","3"
1000.4,70,1972,1,0,"0","0","0","3"
1074.2,65,1972,1,0,"0","0","0","3"
1242.5,69,1972,1,0,"0","0","0","3"
937.6,68,1972,1,0,"0","0","0","3"
603.5,42,1972,1,0,"0","0","0","3"
454.3,34,1972,1,0,"0","0","0","3"
800.6,51,1957,1,0,"0","0","0","3"
561.7,40,1957,1,0,"0","0","0","3"
2445.2,100,1985,0,0,"0","0","1","2"
1278.2,54,1957,1,0,"0","0","0","3"
980.7,72,1957,1,0,"0","0","0","3"
583.7,57,1972,0,0,"0","0","0","2"
545.1,39,1957,0,0,"0","0","0","2"
783.6,80,1972,1,0,"0","0","1","3"
1050.1,63,1955,0,0,"0","0","0","2"
1294.6,120,1957,0,0,"0","0","1","2"
769.9,83,1972,0,0,"0","0","1","2"
652.8,48,1957,0,0,"0","0","0","2"
667.2,88,1934,0,0,"0","1","0","2"
1143.3,75,1985,0,0,"0","0","0","2"
1099.5,70,1983,0,0,"0","0","0","2"
1021.6,50,1983,0,0,"0","0","0","2"
970.6,55,1893,1,0,"0","0","0","3"
671.1,37,1900,1,0,"0","0","0","3"
1129.9,60,1900,1,0,"0","0","1","3"
898.3,55,1893,1,0,"0","0","0","3"
575.6,92,1893,1,0,"0","1","0","3"
497.8,54,1893,1,0,"0","0","0","3"
629.4,30,1972,0,1,"0","0","0","1"
637,65,1957,0,1,"0","0","0","1"
178.6,65,1972,0,1,"0","0","0","1"
1282.3,91,1974,0,1,"0","0","0","1"
810.5,75,1957,1,0,"0","0","0","3"
814.7,75,1957,1,0,"0","0","0","3"
1234.3,49,1988,1,0,"0","0","0","3"
376.5,54,1964,0,0,"0","0","0","2"
364.8,49,1964,0,0,"0","0","0","2"
394.5,67,1957,0,0,"0","0","0","2"
446.9,60,1902,1,0,"1","1","0","3"
246.6,56,1902,1,0,"1","1","0","3"
704.3,86,1985,0,0,"0","0","0","2"
941.7,52,1972,0,0,"0","0","0","2"
527.4,86,1972,0,0,"0","0","0","2"
950.9,86,1972,0,0,"0","0","0","2"
787.4,79,1957,0,0,"0","0","0","2"
776.9,82,1957,0,0,"0","0","0","2"
817.2,80,1957,0,0,"0","0","0","2"
900,80,1957,0,0,"0","0","0","2"
940,78,1957,0,0,"0","0","0","2"
753.8,78,1972,0,0,"0","0","0","2"
740.5,63,1957,0,0,"0","0","0","2"
1430.6,89,1979,0,0,"0","0","0","2"
897.7,70,1972,0,0,"0","0","0","2"
559.5,72,1972,0,0,"0","0","1","2"
1208.7,60,1935,0,0,"0","1","0","2"
1582.7,120,1956,0,0,"0","0","1","2"
768.3,41,1957,0,0,"0","0","0","2"
1033.2,76,1957,0,0,"0","0","0","2"
902.8,94,1972,0,0,"0","0","0","2"
634.2,58,1972,0,0,"0","0","0","2"
580,58,1972,0,0,"0","0","0","2"
567.2,58,1957,0,0,"0","0","0","2"
930,96,1972,0,0,"0","0","0","2"
874.2,72,1976,0,0,"0","0","0","2"
425.3,33,1981,1,0,"0","0","0","3"
1467.3,65,1981,1,0,"0","0","0","3"
572.1,45,1956,1,0,"0","0","0","3"
659.7,45,1956,1,0,"0","0","0","3"
537.7,35,1970,1,0,"0","0","1","3"
1248.7,78,1957,0,0,"0","0","1","2"
654.9,40,1957,0,0,"0","0","0","2"
667.8,90,1972,0,0,"0","0","1","2"
454.8,55,1957,0,0,"1","1","0","2"
1209.1,70,1957,0,0,"0","0","0","2"
524.8,58,1969,0,0,"0","0","0","2"
1231.4,87,1893,1,0,"0","0","0","3"
1281.2,76,1972,1,0,"0","0","0","3"
848.7,65,1972,0,0,"0","0","0","2"
527.2,75,1968,0,0,"0","0","0","2"
625.6,52,1972,1,0,"0","0","1","3"
2130.2,109,1957,1,0,"0","0","1","3"
1555.1,73,1957,1,0,"0","0","1","3"
708.2,65,1893,0,1,"0","1","0","1"
1160.3,96,1972,1,0,"0","0","0","3"
2021.2,95,1969,1,0,"0","0","0","3"
1043.4,75,1972,1,0,"0","0","0","3"
452.5,92,1957,1,0,"0","0","0","3"
1281.4,60,1973,1,0,"0","0","0","3"
644.9,52,1974,1,0,"0","0","0","3"
662.8,30,1964,1,0,"0","0","0","3"
710,50,1969,1,0,"0","0","0","3"
476.6,60,1939,1,0,"0","0","0","3"
